fixture,element,code,team,was_home,position,round,minutes,starts,total_points,goals_scored,assists,own_goals,clean_sheets,goals_conceded,saves,bonus,bps,expected_goals,expected_assists,expected_goal_involvements,expected_goals_conceded,defensive_contribution
1,2,109745,1,true,1,1,0,0,0,0,0,0,0,0,0,0,0,0,0,0,0,0
1,1,154561,1,true,1,1,90,1,6,0,0,0,1,0,1,0,24,0,0,0,0.2,0
1,15,184029,1,true,3,1,75,1,11,1,0,0,1,0,0,3,41,0.21,0.1,0.31,0.06,8
1,17,195384,1,true,3,1,14,0,1,0,0,0,0,0,0,0,5,0.14,0.02,0.16,0.15,2
1,10,198869,1,true,2,1,90,1,11,0,1,0,1,0,0,2,37,0.18,0.21,0.39,0.2,5
1,31,199798,1,true,2,1,0,0,0,0,0,0,0,0,0,0,0,0,0,0,0,0
1,24,200641,1,true,3,1,0,0,0,0,0,0,0,0,0,0,0,0,0,0,0,0
1,13,204480,1,true,3,1,67,1,3,0,0,0,1,0,0,0,10,0.07,0.08,0.15,0.06,6
1,27,205651,1,true,4,1,0,0,0,0,0,0,0,0,0,0,0,0,0,0,0,0
1,452,208706,1,true,3,1,0,0,0,0,0,0,0,0,0,0,0,0,0,0,0,0
1,26,219847,1,true,4,1,90,1,6,1,0,0,1,0,0,0,34,0.26,0.03,0.29,0.2,2
1,12,223340,1,true,3,1,67,1,9,1,0,0,1,0,0,1,36,0.64,0.08,0.72,0.06,7
1,25,224117,1,true,4,1,0,0,0,0,0,0,0,0,0,0,0,0,0,0,0,0
1,4,226597,1,true,2,1,90,1,5,0,0,0,1,0,0,0,21,0.05,0.01,0.06,0.2,4
1,14,232413,1,true,3,1,14,0,1,0,0,0,0,0,0,0,4,0.04,0,0.04,0.15,2
1,16,248857,1,true,3,1,22,0,1,0,0,0,0,0,0,0,8,0,0.04,0.04,0.15,2
1,3,437495,1,true,1,1,0,0,0,0,0,0,0,0,0,0,0,0,0,0,0,0
1,23,438098,1,true,3,1,0,0,0,0,0,0,0,0,0,0,0,0,0,0,0,0
1,557,439509,1,true,3,1,75,1,6,0,1,0,1,0,0,0,30,0.19,0.14,0.33,0.06,6
1,18,444145,1,true,3,1,0,0,0,0,0,0,0,0,0,0,0,0,0,0,0,0
1,5,445122,1,true,2,1,0,0,0,0,0,0,0,0,0,0,0,0,0,0,0,0
1,9,448104,1,true,2,1,9,0,1,0,0,0,0,0,0,0,3,0,0,0,0.15,0
1,6,462424,1,true,2,1,0,0,0,0,0,0,0,0,0,0,0,0,0,0,0,0
1,8,466075,1,true,2,1,80,1,9,0,1,0,1,0,0,0,31,0.04,0.09,0.13,0.06,5
1,19,481655,1,true,3,1,22,0,1,0,0,0,0,0,0,0,3,0,0.02,0.02,0.15,3
1,7,499169,1,true,3,1,90,1,3,0,0,0,1,0,0,0,15,0.06,0.11,0.17,0.2,7
1,22,499175,1,true,3,1,0,0,0,0,0,0,0,0,0,0,0,0,0,0,0,0
1,11,500040,1,true,2,1,90,1,6,0,0,0,1,0,0,0,27,0,0,0,0.2,6
1,20,616077,1,true,3,1,0,0,0,0,0,0,0,0,0,0,0,0,0,0,0,0
1,178,80178,7,false,2,1,0,0,0,0,0,0,0,0,0,0,0,0,0,0,0,0
1,172,110690,7,false,1,1,0,0,0,0,0,0,0,0,0,0,0,0,0,0,0,0
1,184,168144,7,false,3,1,90,1,2,0,0,0,0,3,0,0,14,0,0.01,0.01,1.88,7
1,176,173878,7,false,2,1,90,1,1,0,0,0,0,3,0,0,-4,0,0.02,0.02,1.88,6
1,193,176412,7,false,4,1,0,0,0,0,0,0,0,0,0,0,0,0,0,0,0,0
1,584,196100,7,false,3,1,8,0,1,0,0,0,0,0,0,0,3,0,0,0,0.13,1
1,179,204813,7,false,2,1,0,0,0,0,0,0,0,0,0,0,0,0,0,0,0,0
1,492,210156,7,false,4,1,20,0,1,0,0,0,0,0,0,0,4,0,0,0,0.29,1
1,195,218997,7,false,4,1,69,1,2,0,0,0,0,3,0,0,7,0,0.01,0.01,1.6,3
1,180,220583,7,false,2,1,0,0,0,0,0,0,0,0,0,0,0,0,0,0,0,0
1,188,226965,7,false,3,1,28,0,1,0,0,0,0,0,0,0,8,0,0.11,0.11,0.32,1
1,194,230730,7,false,4,1,69,1,2,0,0,0,0,3,0,0,9,0,0.02,0.02,1.6,6
1,186,241293,7,false,3,1,0,0,0,0,0,0,0,0,0,0,0,0,0,0,0,0
1,104,428580,7,false,3,1,90,1,2,0,0,0,0,3,0,0,8,0,0.01,0.01,1.88,9
1,174,436761,7,false,2,1,0,0,0,0,0,0,0,0,0,0,0,0,0,0,0,0
1,187,439668,7,false,3,1,0,0,0,0,0,0,0,0,0,0,0,0,0,0,0,0
1,175,451284,7,false,2,1,90,1,1,0,0,0,0,3,0,0,-8,0,0.01,0.01,1.88,7
1,173,461102,7,false,2,1,90,1,3,0,0,0,0,3,0,0,11,0.02,0.01,0.03,1.88,10
1,177,465390,7,false,2,1,0,0,0,0,0,0,0,0,0,0,0,0,0,0,0,0
1,190,469272,7,false,3,1,81,1,2,0,0,0,0,3,0,0,11,0.04,0.02,0.06,1.76,8
1,110,472739,7,false,1,1,90,1,1,0,0,0,0,3,2,0,0,0,0.01,0.01,1.88,0
1,183,480457,7,false,3,1,20,0,1,0,0,0,0,0,0,0,3,0.15,0,0.15,0.29,5
1,171,484389,7,false,1,1,0,0,0,0,0,0,0,0,0,0,0,0,0,0,0,0
1,191,492498,7,false,3,1,0,0,0,0,0,0,0,0,0,0,0,0,0,0,0,0
1,185,501459,7,false,3,1,0,0,0,0,0,0,0,0,0,0,0,0,0,0,0,0
1,182,539142,7,false,2,1,90,1,1,0,0,0,0,3,0,0,1,0,0.01,0.01,1.88,9
1,197,549653,7,false,4,1,0,0,0,0,0,0,0,0,0,0,0,0,0,0,0,0
1,196,551262,7,false,4,1,0,0,0,0,0,0,0,0,0,0,0,0,0,0,0,0
1,181,577411,7,false,2,1,0,0,0,0,0,0,0,0,0,0,0,0,0,0,0,0
1,599,627221,7,false,4,1,0,0,0,0,0,0,0,0,0,0,0,0,0,0,0,0
1,192,629397,7,false,3,1,0,0,0,0,0,0,0,0,0,0,0,0,0,0,0,0
1,575,661888,7,false,3,1,61,1,1,0,0,0,0,3,0,0,2,0,0,0,1.56,3
1,189,684268,7,false,3,1,0,0,0,0,0,0,0,0,0,0,0,0,0,0,0,0
2,108,75115,4,true,4,1,7,0,1,0,0,0,0,0,0,0,4,0.03,0.04,0.07,0.07,0
2,103,183656,4,true,3,1,0,0,0,0,0,0,0,0,0,0,0,0,0,0,0,0
2,87,191866,4,true,2,1,90,1,8,0,0,0,1,0,0,0,29,0.11,0.02,0.13,0.57,10
2,89,194010,4,true,2,1,0,0,0,0,0,0,0,0,0,0,0,0,0,0,0,0
2,82,200720,4,true,1,1,90,1,7,0,0,0,1,0,4,0,34,0,0.01,0.01,0.57,0
2,98,204580,4,true,3,1,90,1,9,1,0,0,1,0,0,0,35,0.39,0.17,0.56,0.57,13
2,97,207283,4,true,3,1,66,1,6,0,1,0,1,0,0,0,22,0.08,0.34,0.42,0.47,5
2,91,231065,4,true,2,1,0,0,0,0,0,0,0,0,0,0,0,0,0,0,0,0
2,100,244858,4,true,3,1,0,0,0,0,0,0,0,0,0,0,0,0,0,0,0,0
2,86,249231,4,true,3,1,90,1,10,1,0,0,1,0,0,2,37,0.77,0.12,0.89,0.57,10
2,84,432830,4,true,2,1,90,1,6,0,0,0,1,0,0,0,21,0.34,0.04,0.38,0.57,3
2,96,440089,4,true,3,1,14,0,1,0,0,0,0,0,0,0,6,0,0.11,0.11,0.1,4
2,105,444180,4,true,3,1,23,0,1,0,0,0,0,0,0,0,9,0.03,0.35,0.38,0.1,8
2,85,444765,4,true,2,1,0,0,0,0,0,0,0,0,0,0,0,0,0,0,0,0
2,90,472713,4,true,2,1,14,0,1,0,0,0,0,0,0,0,2,0,0,0,0.1,0
2,106,502500,4,true,4,1,82,1,0,0,0,0,1,0,0,0,-3,1,0.08,1.08,0.5,5
2,83,507433,4,true,1,1,0,0,0,0,0,0,0,0,0,0,0,0,0,0,0,0
2,102,508395,4,true,3,1,23,0,1,0,0,0,0,0,0,0,7,0.04,0,0.04,0.1,6
2,93,513086,4,true,2,1,0,0,0,0,0,0,0,0,0,0,0,0,0,0,0,0
2,94,513418,4,true,3,1,90,1,3,0,0,0,1,0,0,0,17,0.52,0.01,0.53,0.57,9
2,565,513545,4,true,3,1,75,1,14,0,2,0,1,0,0,3,41,0.05,0.33,0.38,0.47,13
2,95,533463,4,true,3,1,66,1,3,0,0,0,1,0,0,0,6,0.05,0.29,0.34,0.47,6
2,99,543295,4,true,3,1,0,0,0,0,0,0,0,0,0,0,0,0,0,0,0,0
2,92,570241,4,true,2,1,0,0,0,0,0,0,0,0,0,0,0,0,0,0,0,0
2,107,593174,4,true,4,1,0,0,0,0,0,0,0,0,0,0,0,0,0,0,0,0
2,88,607464,4,true,2,1,75,1,13,1,0,0,1,0,0,1,36,0.5,0,0.5,0.47,4
2,497,67089,19,false,1,1,0,0,0,0,0,0,0,0,0,0,0,0,0,0,0,0
2,508,115556,19,false,2,1,0,0,0,0,0,0,0,0,0,0,0,0,0,0,0,0
2,502,122798,19,false,2,1,90,1,3,0,0,0,0,3,0,0,13,0,0.06,0.06,3.87,11
2,501,135720,19,false,2,1,0,0,0,0,0,0,0,0,0,0,0,0,0,0,0,0
2,526,154566,19,false,4,1,22,0,1,0,0,0,0,0,0,0,3,0.07,0,0.07,0.85,0
2,515,172780,19,false,3,1,22,0,1,0,0,0,0,0,0,0,6,0,0.01,0.01,0.85,2
2,494,184254,19,false,1,1,0,0,0,0,0,0,0,0,0,0,0,0,0,0,0,0
2,516,202993,19,false,3,1,45,0,1,0,0,0,0,1,0,0,8,0,0.01,0.01,2.18,5
2,527,212319,19,false,4,1,67,1,2,0,0,0,0,3,0,0,6,0,0,0,3.02,1
2,495,214572,19,false,1,1,0,0,0,0,0,0,0,0,0,0,0,0,0,0,0,0
2,498,221466,19,false,2,1,90,1,3,0,0,0,0,3,0,0,10,0,0.02,0.02,3.87,16
2,500,221632,19,false,2,1,0,0,0,0,0,0,0,0,0,0,0,0,0,0,0,0
2,519,232787,19,false,3,1,45,1,0,0,0,0,0,2,0,0,1,0.02,0.06,0.08,1.7,3
2,505,232859,19,false,2,1,0,0,0,0,0,0,0,0,0,0,0,0,0,0,0,0
2,455,432422,19,false,3,1,90,1,2,0,0,0,0,3,0,0,14,0.04,0.06,0.1,3.87,4
2,499,441164,19,false,2,1,0,0,0,0,0,0,0,0,0,0,0,0,0,0,0,0
2,521,445044,19,false,3,1,0,0,0,0,0,0,0,0,0,0,0,0,0,0,0,0
2,512,460842,19,false,3,1,0,0,0,0,0,0,0,0,0,0,0,0,0,0,0,0
2,112,469142,19,false,2,1,90,1,1,0,0,0,0,3,0,0,3,0,0.03,0.03,3.87,9
2,518,482442,19,false,3,1,0,0,0,0,0,0,0,0,0,0,0,0,0,0,0,0
2,496,485055,19,false,1,1,90,1,2,0,0,0,0,3,5,0,15,0,0,0,3.87,0
2,506,487053,19,false,2,1,4,0,1,0,0,0,0,0,0,0,3,0,0.02,0.02,0.44,0
2,528,490145,19,false,4,1,0,0,0,0,0,0,0,0,0,0,0,0,0,0,0,0
2,503,491279,19,false,2,1,0,0,0,0,0,0,0,0,0,0,0,0,0,0,0,0
2,513,493362,19,false,3,1,0,0,0,0,0,0,0,0,0,0,0,0,0,0,0,0
2,510,499716,19,false,2,1,0,0,0,0,0,0,0,0,0,0,0,0,0,0,0,0
2,523,499721,19,false,3,1,67,1,2,0,0,0,0,3,0,0,10,0.38,0.02,0.4,3.02,2
2,524,499726,19,false,3,1,0,0,0,0,0,0,0,0,0,0,0,0,0,0,0,0
2,514,511499,19,false,3,1,90,1,2,0,0,0,0,3,0,0,17,0.06,0.06,0.12,3.87,8
2,522,547701,19,false,3,1,85,1,2,0,0,0,0,3,0,0,15,0,0.01,0.01,3.43,5
2,507,548308,19,false,2,1,0,0,0,0,0,0,0,0,0,0,0,0,0,0,0,0
2,517,550839,19,false,3,1,0,0,0,0,0,0,0,0,0,0,0,0,0,0,0,0
2,525,551226,19,false,3,1,45,0,1,0,0,0,0,1,0,0,16,0,0.06,0.06,2.18,2
2,520,570526,19,false,3,1,45,1,1,0,0,0,0,2,0,0,2,0,0.01,0.01,1.7,8
2,601,611917,19,false,3,1,0,0,0,0,0,0,0,0,0,0,0,0,0,0,0,0
2,511,616221,19,false,2,1,0,0,0,0,0,0,0,0,0,0,0,0,0,0,0,0
2,509,640419,19,false,2,1,0,0,0,0,0,0,0,0,0,0,0,0,0,0,0,0
3,212,108413,8,false,3,1,0,0,0,0,0,0,0,0,0,0,0,0,0,0,0,0
3,199,121709,8,false,1,1,0,0,0,0,0,0,0,0,0,0,0,0,0,0,0,0
3,213,152551,8,false,3,1,0,0,0,0,0,0,0,0,0,0,0,0,0,0,0,0
3,555,169593,8,false,1,1,0,0,0,0,0,0,0,0,0,0,0,0,0,0,0,0
3,198,172649,8,false,1,1,90,1,2,0,0,0,0,2,3,0,14,0,0,0,1.12,0
3,224,205533,8,false,4,1,55,1,1,0,0,0,0,2,0,0,12,0.6,0.58,1.18,0.84,3
3,214,209400,8,false,3,1,90,1,3,0,0,0,0,2,0,0,25,0,0.27,0.27,1.12,14
3,205,218364,8,false,2,1,0,0,0,0,0,0,0,0,0,0,0,0,0,0,0,0
3,577,223723,8,false,2,1,18,0,1,0,0,0,0,0,0,0,3,0,0.01,0.01,0.14,1
3,223,231747,8,false,4,1,62,1,2,0,0,0,0,2,0,0,-3,0.7,0.02,0.72,0.98,5
3,208,232185,8,false,3,1,0,0,0,0,0,0,0,0,0,0,0,0,0,0,0,0
3,207,242313,8,false,2,1,0,0,0,0,0,0,0,0,0,0,0,0,0,0,0,0
3,204,244723,8,false,2,1,90,1,1,0,0,0,0,2,0,0,9,0,0.01,0.01,1.12,5
3,201,247348,8,false,2,1,54,1,0,0,0,0,0,2,0,0,-4,0.23,0.01,0.24,0.84,4
3,222,247412,8,false,4,1,27,0,1,0,0,0,0,0,0,0,3,0.25,0.01,0.26,0.14,0
3,202,427623,8,false,2,1,90,1,3,0,0,0,0,2,0,0,13,0,0,0,1.12,16
3,241,433154,8,false,3,1,62,1,2,0,0,0,0,2,0,0,11,0.05,0.02,0.07,0.98,5
3,218,438464,8,false,3,1,0,0,0,0,0,0,0,0,0,0,0,0,0,0,0,0
3,219,450542,8,false,3,1,0,0,0,0,0,0,0,0,0,0,0,0,0,0,0,0
3,42,485337,8,false,3,1,27,0,1,0,0,0,0,0,0,0,3,0.03,0.02,0.05,0.14,1
3,211,488024,8,false,3,1,35,0,1,0,0,0,0,0,0,0,4,0.06,0.02,0.08,0.27,5
3,215,489706,8,false,3,1,0,0,0,0,0,0,0,0,0,0,0,0,0,0,0,0
3,210,496221,8,false,3,1,90,1,4,0,0,0,0,2,0,0,20,0,0.24,0.24,1.12,14
3,206,515621,8,false,2,1,72,1,1,0,0,0,0,2,0,0,7,0,0.01,0.01,0.98,7
3,217,536694,8,false,3,1,0,0,0,0,0,0,0,0,0,0,0,0,0,0,0,0
3,595,559152,8,false,3,1,0,0,0,0,0,0,0,0,0,0,0,0,0,0,0,0
3,588,570794,8,false,2,1,35,0,1,0,0,0,0,0,0,0,12,0,0.16,0.16,0.27,9
3,220,590014,8,false,2,1,0,0,0,0,0,0,0,0,0,0,0,0,0,0,0,0
3,216,606921,8,false,3,1,0,0,0,0,0,0,0,0,0,0,0,0,0,0,0,0
3,203,651426,8,false,2,1,90,1,1,0,0,0,0,2,0,0,9,0.05,0.01,0.06,1.12,8
3,225,660392,8,false,4,1,0,0,0,0,0,0,0,0,0,0,0,0,0,0,0,0
3,221,672492,8,false,3,1,0,0,0,0,0,0,0,0,0,0,0,0,0,0,0,0
3,229,17761,9,true,2,1,90,1,6,0,0,0,1,0,0,0,25,0.05,0,0.05,1.96,9
3,231,106611,9,true,2,1,0,0,0,0,0,0,0,0,0,0,0,0,0,0,0,0
3,226,111234,9,true,1,1,90,1,7,0,0,0,1,0,4,0,34,0,0.02,0.02,1.96,0
3,21,128295,9,true,3,1,0,0,0,0,0,0,0,0,0,0,0,0,0,0,0,0
3,228,138001,9,true,1,1,0,0,0,0,0,0,0,0,0,0,0,0,0,0,0,0
3,236,215413,9,true,3,1,90,1,11,1,0,0,1,0,0,3,40,0.12,0.17,0.29,1.92,8
3,233,224967,9,true,2,1,90,1,6,0,0,0,1,0,0,0,27,0,0.05,0.05,1.96,4
3,227,229600,9,true,1,1,0,0,0,0,0,0,0,0,0,0,0,0,0,0,0,0
3,239,232928,9,true,3,1,11,0,1,0,0,0,0,0,0,0,6,0,0.03,0.03,0.34,1
3,209,242898,9,true,3,1,6,0,1,0,0,0,0,0,0,0,3,0,0,0,0.29,2
3,234,243571,9,true,2,1,0,0,0,0,0,0,0,0,0,0,0,0,0,0,0,0
3,247,244860,9,true,3,1,78,1,3,0,0,0,1,0,0,0,16,0.01,0.01,0.02,1.62,7
3,237,440993,9,true,3,1,90,1,9,0,1,0,1,0,0,1,36,0.24,0.32,0.56,1.96,12
3,230,480455,9,true,2,1,90,1,6,0,0,0,1,0,0,0,27,0,0.01,0.01,1.96,8
3,248,486385,9,true,4,1,11,0,1,0,0,0,0,0,0,0,3,0.05,0,0.05,0.34,0
3,240,490094,9,true,3,1,0,0,0,0,0,0,0,0,0,0,0,0,0,0,0,0
3,245,496661,9,true,3,1,0,0,0,0,0,0,0,0,0,0,0,0,0,0,0,0
3,235,499300,9,true,2,1,0,0,0,0,0,0,0,0,0,0,0,0,0,0,0,0
3,243,502697,9,true,3,1,1,0,1,0,0,0,0,0,0,0,7,0.02,0,0.02,0.04,3
3,232,512462,9,true,2,1,0,0,0,0,0,0,0,0,0,0,0,0,0,0,0,0
3,246,513466,9,true,3,1,90,1,3,0,0,0,1,0,0,0,12,0,0.06,0.06,1.96,9
3,242,550615,9,true,3,1,83,1,3,0,0,0,1,0,0,0,13,0.18,0.08,0.26,1.67,7
3,249,586309,9,true,4,1,78,1,8,1,0,0,1,0,0,2,37,0.45,0.09,0.54,1.62,3
3,244,609873,9,true,3,1,90,1,8,0,1,0,1,0,0,0,25,0,0.04,0.04,1.96,16
4,289,101282,11,true,3,1,90,1,2,0,0,0,1,0,0,0,9,0,0,0,1.83,9
4,274,105666,11,true,1,1,0,0,0,0,0,0,0,0,0,0,0,0,0,0,0,0
4,277,108416,11,true,2,1,90,1,8,0,0,0,1,0,0,0,27,0,0,0,1.83,21
4,279,146426,11,true,2,1,63,1,14,1,0,0,1,0,0,2,39,0.52,0,0.52,0.86,7
4,285,160817,11,true,2,1,26,0,1,0,0,0,0,0,0,0,3,0,0,0,0.96,2
4,273,167825,11,true,1,1,0,0,0,0,0,0,0,0,0,0,0,0,0,0,0,0
4,556,169359,11,true,2,1,5,0,1,0,0,0,0,0,0,0,3,0,0,0,0.07,0
4,295,169432,11,true,4,1,90,1,5,0,1,0,1,0,0,0,21,0.16,0.01,0.17,1.83,5
4,288,171270,11,true,3,1,0,0,0,0,0,0,0,0,0,0,0,0,0,0,0,0
4,280,193278,11,true,2,1,69,1,6,0,0,0,1,0,0,0,23,0,0.01,0.01,1.16,2
4,292,208481,11,true,3,1,0,0,0,0,0,0,0,0,0,0,0,0,0,0,0,0
4,296,213292,11,true,3,1,0,0,0,0,0,0,0,0,0,0,0,0,0,0,0,0
4,282,232351,11,true,2,1,84,1,6,0,0,0,1,0,0,0,24,0.02,0.07,0.09,1.76,6
4,287,232905,11,true,3,1,19,0,0,0,0,0,0,0,0,0,2,0,0,0,0.67,3
4,290,243413,11,true,3,1,90,1,6,0,1,0,1,0,0,0,20,0,0.44,0.44,1.83,3
4,281,433590,11,true,2,1,20,0,1,0,0,0,0,0,0,0,4,0.05,0,0.05,0.67,3
4,276,444307,11,true,1,1,0,0,0,0,0,0,0,0,0,0,0,0,0,0,0,0
4,563,445028,11,true,3,1,0,0,0,0,0,0,0,0,0,0,0,0,0,0,0,0
4,283,449428,11,true,2,1,0,0,0,0,0,0,0,0,0,0,0,0,0,0,0,0
4,340,462635,11,true,3,1,0,0,0,0,0,0,0,0,0,0,0,0,0,0,0,0
4,291,465525,11,true,3,1,0,0,0,0,0,0,0,0,0,0,0,0,0,0,0,0
4,589,469266,11,true,3,1,0,0,0,0,0,0,0,0,0,0,0,0,0,0,0,0
4,297,470294,11,true,3,1,0,0,0,0,0,0,0,0,0,0,0,0,0,0,0,0
4,572,473284,11,true,1,1,90,1,10,0,0,0,1,0,5,3,41,0,0,0,1.83,0
4,293,490161,11,true,3,1,0,0,0,0,0,0,0,0,0,0,0,0,0,0,0,0
4,275,494950,11,true,1,1,0,0,0,0,0,0,0,0,0,0,0,0,0,0,0,0
4,298,500957,11,true,4,1,0,0,0,0,0,0,0,0,0,0,0,0,0,0,0,0
4,278,501902,11,true,2,1,0,0,0,0,0,0,0,0,0,0,0,0,0,0,0,0
4,299,534392,11,true,4,1,0,0,0,0,0,0,0,0,0,0,0,0,0,0,0,0
4,286,540324,11,true,3,1,90,1,3,0,0,0,1,0,0,0,8,0.05,0.03,0.08,1.83,10
4,574,552946,11,true,3,1,0,0,0,0,0,0,0,0,0,0,0,0,0,0,0,0
4,294,553783,11,true,3,1,0,0,0,0,0,0,0,0,0,0,0,0,0,0,0,0
4,585,597462,11,true,2,1,26,0,1,0,0,0,0,0,0,0,4,0,0,0,0.96,4
4,586,606930,11,true,2,1,63,1,15,1,0,0,1,0,0,1,35,0.28,0,0.28,0.86,13
4,576,608227,11,true,3,1,70,1,3,0,0,0,1,0,0,0,11,0,0.03,0.03,1.16,6
4,284,661800,11,true,2,1,0,0,0,0,0,0,0,0,0,0,0,0,0,0,0,0
4,414,21205,16,false,1,1,0,0,0,0,0,0,0,0,0,0,0,0,0,0,0,0
4,325,59735,16,false,1,1,0,0,0,0,0,0,0,0,0,0,0,0,0,0,0,0
4,418,95658,16,false,2,1,90,1,1,0,0,0,0,2,0,0,15,0.04,0.4,0.44,1.01,4
4,423,106760,16,false,2,1,90,1,1,0,0,0,0,2,0,0,13,0,0.26,0.26,1.01,4
4,426,141746,16,false,3,1,90,1,2,0,0,0,0,2,0,0,18,0.08,0.26,0.34,1.01,6
4,43,166989,16,false,3,1,66,1,2,0,0,0,0,2,0,0,13,0.04,0.11,0.15,0.94,5
4,429,176297,16,false,3,1,45,0,1,0,0,0,0,0,0,0,9,0,0.1,0.1,0.09,1
4,430,184341,16,false,3,1,0,0,0,0,0,0,0,0,0,0,0,0,0,0,0,0
4,416,209365,16,false,2,1,0,0,0,0,0,0,0,0,0,0,0,0,0,0,0,0
4,417,216051,16,false,2,1,10,0,1,0,0,0,0,0,0,0,6,0,0,0,0,3
4,419,221820,16,false,2,1,0,0,0,0,0,0,0,0,0,0,0,0,0,0,0,0
4,422,230001,16,false,2,1,79,1,1,0,0,0,0,2,0,0,8,0.22,0.05,0.27,1.01,5
4,433,232112,16,false,3,1,0,0,0,0,0,0,0,0,0,0,0,0,0,0,0,0
4,428,430871,16,false,3,1,79,1,2,0,0,0,0,2,0,0,14,0.24,0.21,0.45,1.01,3
4,427,446008,16,false,3,1,90,1,2,0,0,0,0,2,0,0,12,0.5,0.23,0.73,1.01,4
4,413,451302,16,false,1,1,0,0,0,0,0,0,0,0,0,0,0,0,0,0,0,0
4,440,458249,16,false,4,1,0,0,0,0,0,0,0,0,0,0,0,0,0,0,0,0
4,412,465247,16,false,1,1,90,1,1,0,0,0,0,2,2,0,7,0,0,0,1.01,0
4,439,485711,16,false,4,1,23,0,1,0,0,0,0,0,0,0,2,0.04,0,0.04,0.07,0
4,436,490881,16,false,3,1,0,0,0,0,0,0,0,0,0,0,0,0,0,0,0,0
4,431,493250,16,false,3,1,0,0,0,0,0,0,0,0,0,0,0,0,0,0,0,0
4,432,516895,16,false,3,1,23,0,1,0,0,0,0,0,0,0,7,0.07,0.01,0.08,0.07,1
4,438,519913,16,false,3,1,0,0,0,0,0,0,0,0,0,0,0,0,0,0,0,0
4,162,532605,16,false,3,1,66,1,2,0,0,0,0,2,0,0,17,0,0.23,0.23,0.94,9
4,434,547037,16,false,3,1,0,0,0,0,0,0,0,0,0,0,0,0,0,0,0,0
4,425,547676,16,false,2,1,0,0,0,0,0,0,0,0,0,0,0,0,0,0,0,0
4,420,550864,16,false,2,1,0,0,0,0,0,0,0,0,0,0,0,0,0,0,0,0
4,437,576620,16,false,3,1,0,0,0,0,0,0,0,0,0,0,0,0,0,0,0,0
4,435,576628,16,false,3,1,10,0,1,0,0,0,0,0,0,0,3,0,0,0,0,1
4,424,577974,16,false,2,1,0,0,0,0,0,0,0,0,0,0,0,0,0,0,0,0
4,441,596047,16,false,4,1,0,0,0,0,0,0,0,0,0,0,0,0,0,0,0,0
4,415,596777,16,false,3,1,45,1,0,0,0,0,0,2,0,0,-11,0.47,0.03,0.5,0.92,1
4,421,606745,16,false,2,1,90,1,1,0,0,0,0,2,0,0,5,0.12,0.04,0.16,1.01,2
5,302,50093,12,true,1,1,0,0,0,0,0,0,0,0,0,0,0,0,0,0,0,0
5,300,108813,12,true,1,1,0,0,0,0,0,0,0,0,0,0,0,0,0,0,0,0
5,301,112520,12,true,1,1,0,0,0,0,0,0,0,0,0,0,0,0,0,0,0,0
5,320,147675,12,true,4,1,24,0,1,0,0,0,0,0,0,0,3,0,0,0,0.03,3
5,311,149929,12,true,3,1,0,0,0,0,0,0,0,0,0,0,0,0,0,0,0,0
5,319,172453,12,true,3,1,0,0,0,0,0,0,0,0,0,0,0,0,0,0,0,0
5,308,176420,12,true,2,1,0,0,0,0,0,0,0,0,0,0,0,0,0,0,0,0
5,303,183015,12,true,2,1,0,0,0,0,0,0,0,0,0,0,0,0,0,0,0,0
5,267,212314,12,true,3,1,90,1,5,0,1,0,0,1,0,0,22,0,0.02,0.02,0.66,6
5,571,216055,12,true,3,1,0,0,0,0,0,0,0,0,0,0,0,0,0,0,0,0
5,304,216616,12,true,2,1,90,1,4,0,0,0,0,1,0,0,16,0,0.16,0.16,0.66,18
5,259,219924,12,true,2,1,90,1,2,0,0,0,0,1,0,0,7,0,0.01,0.01,0.66,5
5,307,222018,12,true,2,1,0,0,0,0,0,0,0,0,0,0,0,0,0,0,0,0
5,317,222625,12,true,4,1,0,0,0,0,0,0,0,0,0,0,0,0,0,0,0,0
5,314,229164,12,true,3,1,0,0,0,0,0,0,0,0,0,0,0,0,0,0,0,0
5,312,231899,12,true,3,1,0,0,0,0,0,0,0,0,0,0,0,0,0,0,0,0
5,324,232457,12,true,3,1,0,0,0,0,0,0,0,0,0,0,0,0,0,0,0,0
5,564,240514,12,true,1,1,90,1,2,0,0,0,0,1,2,0,12,0,0,0,0.66,0
5,310,241117,12,true,3,1,0,0,0,0,0,0,0,0,0,0,0,0,0,0,0,0
5,562,442967,12,true,3,1,79,1,2,0,0,0,0,1,0,0,7,0.61,0,0.61,0.63,9
5,313,443261,12,true,3,1,19,0,7,1,0,0,0,0,0,1,27,0.1,0,0.1,0.03,2
5,306,449429,12,true,2,1,90,1,2,0,0,0,0,1,0,0,12,0,0,0,0.66,7
5,305,455084,12,true,2,1,90,1,2,0,0,0,0,1,0,0,10,0,0.01,0.01,0.66,7
5,323,461587,12,true,3,1,24,0,1,0,0,0,0,0,0,0,4,0,0,0,0.03,3
5,322,462387,12,true,4,1,0,0,0,0,0,0,0,0,0,0,0,0,0,0,0,0
5,591,474120,12,true,3,1,70,1,5,0,1,0,0,1,0,0,24,0.23,0.31,0.54,0.63,8
5,318,481624,12,true,3,1,0,0,0,0,0,0,0,0,0,0,0,0,0,0,0,0
5,309,501390,12,true,3,1,79,1,4,0,0,0,0,1,0,0,26,0.03,0.03,0.06,0.63,12
5,602,524180,12,true,3,1,0,0,0,0,0,0,0,0,0,0,0,0,0,0,0,0
5,315,531442,12,true,3,1,65,1,2,0,0,0,0,1,0,0,22,0,0.41,0.41,0.63,7
5,316,543968,12,true,4,1,65,1,9,1,0,0,0,1,0,3,41,0.82,0.06,0.88,0.63,3
5,554,546600,12,true,1,1,0,0,0,0,0,0,0,0,0,0,0,0,0,0,0,0
5,321,557012,12,true,4,1,10,0,1,0,0,0,0,0,0,0,3,0,0,0,0.03,0
5,592,572584,12,true,2,1,10,0,1,0,0,0,0,0,0,0,4,0,0,0,0.03,2
5,544,84450,20,false,3,1,90,1,9,0,1,0,0,2,0,2,31,0,0.09,0.09,1.8,13
5,541,93605,20,false,2,1,90,1,1,0,0,0,0,2,0,0,5,0.08,0.08,0.16,1.8,4
5,540,105717,20,false,2,1,0,0,0,0,0,0,0,0,0,0,0,0,0,0,0,0
5,539,167512,20,false,2,1,66,1,1,0,0,0,0,1,0,0,1,0.01,0.01,0.02,1.69,5
5,533,200834,20,false,2,1,0,0,0,0,0,0,0,0,0,0,0,0,0,0,0,0
5,535,201895,20,false,2,1,23,0,1,0,0,0,0,1,0,0,2,0,0.01,0.01,0.1,0
5,532,223827,20,false,2,1,90,1,0,0,0,0,0,2,0,0,4,0,0.01,0.01,1.8,9
5,530,232571,20,false,1,1,0,0,0,0,0,0,0,0,0,0,0,0,0,0,0,0
5,536,434399,20,false,2,1,90,1,1,0,0,0,0,2,0,0,9,0,0.29,0.29,1.8,8
5,553,437505,20,false,4,1,23,0,1,0,0,0,0,1,0,0,3,0,0,0,0.1,0
5,552,441264,20,false,4,1,66,1,2,0,0,0,0,1,0,0,1,0.3,0,0.3,1.69,0
5,547,461199,20,false,3,1,0,0,0,0,0,0,0,0,0,0,0,0,0,0,0,0
5,538,477547,20,false,2,1,0,0,0,0,0,0,0,0,0,0,0,0,0,0,0,0
5,542,484420,20,false,3,1,79,1,2,0,0,0,0,1,0,0,13,0,0.03,0.03,1.69,2
5,534,487676,20,false,2,1,79,1,2,0,0,0,0,1,0,0,14,0.04,0.27,0.31,1.69,4
5,529,498016,20,false,1,1,90,1,1,0,0,0,0,2,1,0,7,0,0,0,1.8,0
5,531,515046,20,false,1,1,0,0,0,0,0,0,0,0,0,0,0,0,0,0,0,0
5,537,519634,20,false,2,1,0,0,0,0,0,0,0,0,0,0,0,0,0,0,0,0
5,546,535818,20,false,3,1,0,0,0,0,0,0,0,0,0,0,0,0,0,0,0,0
5,551,536661,20,false,3,1,58,1,5,1,0,0,0,1,0,0,23,0.15,0.01,0.16,1.66,7
5,543,547027,20,false,3,1,10,0,1,0,0,0,0,1,0,0,3,0.03,0,0.03,0.1,0
5,549,549912,20,false,3,1,31,0,1,0,0,0,0,1,0,0,1,0,0,0,0.14,2
5,548,554197,20,false,3,1,10,0,1,0,0,0,0,1,0,0,3,0,0,0,0.1,1
5,545,577669,20,false,3,1,90,1,2,0,0,0,0,2,0,0,18,0.06,0.03,0.09,1.8,2
5,550,699989,20,false,3,1,0,0,0,0,0,0,0,0,0,0,0,0,0,0,0,0
6,260,153682,13,false,3,1,65,1,3,0,0,0,1,0,0,0,8,0,0.02,0.02,0.53,2
6,598,173774,13,false,2,1,0,0,0,0,0,0,0,0,0,0,0,0,0,0,0,0
6,347,174594,13,false,4,1,0,0,0,0,0,0,0,0,0,0,0,0,0,0,0,0
6,346,177815,13,false,4,1,90,1,1,0,0,0,1,0,0,0,-2,0.13,0,0.13,0.66,2
6,339,180135,13,false,3,1,8,0,1,0,0,0,0,0,0,0,3,0,0,0,0.07,0
6,338,199598,13,false,3,1,90,1,5,0,0,0,1,0,0,0,18,0,0.04,0.04,0.66,13
6,343,200617,13,false,3,1,0,0,0,0,0,0,0,0,0,0,0,0,0,0,0,0
6,326,201595,13,false,1,1,0,0,0,0,0,0,0,0,0,0,0,0,0,0,0,0
6,329,214225,13,false,2,1,90,1,6,0,0,0,1,0,0,0,21,0.03,0.06,0.09,0.66,7
6,332,220627,13,false,2,1,90,1,10,0,0,0,1,0,0,2,28,0,0.01,0.01,0.66,12
6,342,221399,13,false,3,1,0,0,0,0,0,0,0,0,0,0,0,0,0,0,0,0
6,330,226182,13,false,2,1,90,1,6,0,0,0,1,0,0,0,24,0,0,0,0.66,3
6,348,235826,13,false,4,1,0,0,0,0,0,0,0,0,0,0,0,0,0,0,0,0
6,331,243526,13,false,2,1,0,0,0,0,0,0,0,0,0,0,0,0,0,0,0,0
6,345,248056,13,false,3,1,0,0,0,0,0,0,0,0,0,0,0,0,0,0,0,0
6,337,427637,13,false,3,1,81,1,3,0,0,0,1,0,0,0,16,0.01,0.01,0.02,0.58,7
6,385,432720,13,false,1,1,90,1,9,0,0,0,1,0,3,2,28,0,0,0,0.66,0
6,327,434752,13,false,2,1,90,1,10,0,0,0,1,0,0,2,28,0.11,0,0.11,0.66,12
6,336,435997,13,false,3,1,24,0,1,0,0,0,0,0,0,0,10,0,0.16,0.16,0.13,5
6,333,437738,13,false,2,1,0,0,0,0,0,0,0,0,0,0,0,0,0,0,0,0
6,335,466525,13,false,3,1,90,1,13,1,0,0,1,0,0,3,37,0.1,0.05,0.15,0.66,16
6,344,486520,13,false,3,1,0,0,0,0,0,0,0,0,0,0,0,0,0,0,0,0
6,341,492859,13,false,3,1,0,0,0,0,0,0,0,0,0,0,0,0,0,0,0,0
6,334,522047,13,false,2,1,90,1,6,0,0,0,1,0,0,0,25,0.09,0,0.09,0.66,7
6,349,565297,13,false,4,1,0,0,0,0,0,0,0,0,0,0,0,0,0,0,0,0
6,604,592740,13,false,3,1,0,0,0,0,0,0,0,0,0,0,0,0,0,0,0,0
6,603,643970,13,false,2,1,0,0,0,0,0,0,0,0,0,0,0,0,0,0,0,0
6,490,60689,18,true,4,1,28,0,1,0,0,0,0,1,0,0,3,0.12,0.01,0.13,0.22,1
6,467,85633,18,true,1,1,90,1,2,0,0,0,0,1,2,0,11,0,0,0,0.47,0
6,473,159506,18,true,2,1,73,1,5,0,0,0,1,0,0,0,24,0.04,0.17,0.21,0.34,2
6,558,204561,18,true,3,1,16,0,1,0,0,0,0,1,0,0,3,0,0,0,0.13,1
6,476,204822,18,true,2,1,0,0,0,0,0,0,0,0,0,0,0,0,0,0,0,0
6,489,204968,18,true,3,1,0,0,0,0,0,0,0,0,0,0,0,0,0,0,0,0
6,482,209046,18,true,3,1,0,0,0,0,0,0,0,0,0,0,0,0,0,0,0,0
6,488,210462,18,true,3,1,90,1,2,0,0,0,0,1,0,0,10,0.03,0.01,0.04,0.47,6
6,469,215136,18,true,2,1,90,1,2,0,0,0,0,1,0,0,13,0,0.02,0.02,0.47,6
6,468,221389,18,true,1,1,0,0,0,0,0,0,0,0,0,0,0,0,0,0,0,0
6,480,222531,18,true,3,1,90,1,2,0,0,0,0,1,0,0,10,0.13,0.06,0.19,0.47,3
6,471,227444,18,true,2,1,90,1,2,0,0,0,0,1,0,0,4,0.11,0.02,0.13,0.47,7
6,487,250199,18,true,3,1,0,0,0,0,0,0,0,0,0,0,0,0,0,0,0,0
6,590,428971,18,true,1,1,0,0,0,0,0,0,0,0,0,0,0,0,0,0,0,0
6,486,432714,18,true,3,1,73,1,3,0,0,0,1,0,0,0,18,0,0.16,0.16,0.34,8
6,483,456512,18,true,3,1,61,1,3,0,0,0,1,0,0,0,5,0,0,0,0.25,3
6,493,465680,18,true,4,1,1,0,1,0,0,0,0,0,0,0,3,0,0,0,0,0
6,478,470315,18,true,2,1,16,0,1,0,0,0,0,1,0,0,-2,0,0,0,0.13,0
6,485,476887,18,true,3,1,0,0,0,0,0,0,0,0,0,0,0,0,0,0,0,0
6,491,482973,18,true,4,1,90,1,2,0,0,0,0,1,0,0,8,0.22,0.02,0.24,0.47,3
6,470,485047,18,true,2,1,0,0,0,0,0,0,0,0,0,0,0,0,0,0,0,0
6,475,500151,18,true,2,1,0,0,0,0,0,0,0,0,0,0,0,0,0,0,0,0
6,484,503301,18,true,3,1,0,0,0,0,0,0,0,0,0,0,0,0,0,0,0,0
6,479,538638,18,true,2,1,0,0,0,0,0,0,0,0,0,0,0,0,0,0,0,0
6,477,549067,18,true,2,1,0,0,0,0,0,0,0,0,0,0,0,0,0,0,0,0
6,581,568420,18,true,2,1,0,0,0,0,0,0,0,0,0,0,0,0,0,0,0,0
6,474,575458,18,true,2,1,90,1,1,0,0,0,0,1,0,0,5,0,0,0,0.47,8
6,472,575476,18,true,2,1,90,1,4,0,0,0,0,1,0,0,15,0,0.28,0.28,0.47,14
7,29,72147,2,false,1,1,90,1,1,0,0,0,0,4,3,0,1,0,0,0,3.77,0
7,46,88894,2,false,3,1,73,1,2,0,0,0,0,4,0,0,11,0.1,0.02,0.12,3.55,1
7,28,98980,2,false,1,1,0,0,0,0,0,0,0,0,0,0,0,0,0,0,0,0
7,30,101188,2,false,2,1,0,0,0,0,0,0,0,0,0,0,0,0,0,0,0,0
7,45,122806,2,false,3,1,81,1,1,0,0,0,0,4,0,0,8,0.04,0.01,0.05,3.62,6
7,33,149484,2,false,2,1,16,0,1,0,0,0,0,0,0,0,5,0,0,0,0.22,1
7,56,173879,2,false,4,1,0,0,0,0,0,0,0,0,0,0,0,0,0,0,0,0
7,55,178301,2,false,4,1,0,0,0,0,0,0,0,0,0,0,0,0,0,0,0,0
7,37,184667,2,false,2,1,90,1,-2,0,0,1,0,4,0,0,-13,0,0,0,3.77,3
7,41,195546,2,false,3,1,85,1,2,0,0,0,0,4,0,0,4,0.13,0.09,0.22,3.62,7
7,32,199796,2,false,2,1,90,1,-1,0,0,0,0,4,0,0,-8,0,0,0,3.77,7
7,44,215711,2,false,3,1,0,0,0,0,0,0,0,0,0,0,0,0,0,0,0,0
7,47,226944,2,false,3,1,90,1,2,0,0,0,0,4,0,0,9,0,0,0,3.77,7
7,34,244954,2,false,2,1,73,1,0,0,0,0,0,4,0,0,-14,0,0,0,3.55,5
7,597,433969,2,false,1,1,0,0,0,0,0,0,0,0,0,0,0,0,0,0,0,0
7,36,441302,2,false,2,1,81,1,0,0,0,0,0,4,0,0,-9,0.03,0,0.03,3.62,9
7,54,448089,2,false,3,1,39,1,-2,0,0,0,0,4,0,0,-2,0,0.01,0.01,2.58,7
7,48,449871,2,false,3,1,0,0,0,0,0,0,0,0,0,0,0,0,0,0,0,0
7,49,469247,2,false,3,1,0,0,0,0,0,0,0,0,0,0,0,0,0,0,0,0
7,596,487992,2,false,2,1,8,0,1,0,0,0,0,0,0,0,3,0,0,0,0.14,2
7,160,493105,2,false,3,1,4,0,1,0,0,0,0,0,0,0,2,0,0,0,0.14,0
7,35,515597,2,false,3,1,16,0,1,0,0,0,0,0,0,0,3,0,0,0,0.22,1
7,606,569577,2,false,2,1,0,0,0,0,0,0,0,0,0,0,0,0,0,0,0,0
7,607,571380,2,false,3,1,0,0,0,0,0,0,0,0,0,0,0,0,0,0,0,0
7,51,577285,2,false,3,1,90,1,2,0,0,0,0,4,0,0,12,0,0,0,3.77,5
7,39,578545,2,false,2,1,0,0,0,0,0,0,0,0,0,0,0,0,0,0,0,0
7,38,606798,2,false,2,1,0,0,0,0,0,0,0,0,0,0,0,0,0,0,0,0
7,53,614071,2,false,3,1,0,0,0,0,0,0,0,0,0,0,0,0,0,0,0,0
7,50,645618,2,false,3,1,0,0,0,0,0,0,0,0,0,0,0,0,0,0,0,0
7,52,653481,2,false,3,1,8,0,1,0,0,0,0,0,0,0,5,0,0,0,0.14,3
7,582,690838,2,false,4,1,0,0,0,0,0,0,0,0,0,0,0,0,0,0,0,0
7,111,49262,5,true,1,1,0,0,0,0,0,0,0,0,0,0,0,0,0,0,0,0
7,124,60307,5,true,3,1,90,1,2,0,0,0,1,0,0,0,18,0,0.27,0.27,0.29,5
7,116,83299,5,true,2,1,90,1,6,0,0,0,1,0,0,0,24,0,0.04,0.04,0.29,2
7,114,204120,5,true,2,1,90,1,6,0,0,0,1,0,0,0,29,0,0.04,0.04,0.29,6
7,126,219249,5,true,3,1,0,0,0,0,0,0,0,0,0,0,0,0,0,0,0,0
7,328,222694,5,true,2,1,0,0,0,0,0,0,0,0,0,0,0,0,0,0,0,0
7,118,223434,5,true,2,1,0,0,0,0,0,0,0,0,0,0,0,0,0,0,0,0
7,113,231416,5,true,2,1,0,0,0,0,0,0,0,0,0,0,0,0,0,0,0,0
7,121,451340,5,true,3,1,0,0,0,0,0,0,0,0,0,0,0,0,0,0,0,0
7,119,451490,5,true,2,1,26,0,1,0,0,0,0,0,0,0,7,0.12,0,0.12,0.1,4
7,120,454490,5,true,2,1,0,0,0,0,0,0,0,0,0,0,0,0,0,0,0,0
7,125,463067,5,true,4,1,90,1,5,0,1,0,1,0,0,0,22,0.08,0.44,0.52,0.29,7
7,115,465730,5,true,2,1,77,1,17,1,1,0,1,0,0,2,46,1.47,0.21,1.68,0.29,4
7,130,467779,5,true,2,1,77,1,7,0,0,0,1,0,0,1,32,0.09,0.05,0.14,0.29,8
7,139,487117,5,true,4,1,0,0,0,0,0,0,0,0,0,0,0,0,0,0,0,0
7,109,489639,5,true,1,1,90,1,6,0,0,0,1,0,0,0,25,0,0,0,0.29,0
7,129,509416,5,true,3,1,63,1,2,0,0,0,1,0,0,0,8,0.11,0.03,0.14,0.19,4
7,127,514254,5,true,3,1,85,1,6,0,1,0,1,0,0,0,27,0.18,0.48,0.66,0.29,6
7,123,532529,5,true,3,1,63,1,16,2,0,0,1,0,0,3,54,1.41,0.02,1.43,0.19,3
7,131,535301,5,true,3,1,0,0,0,0,0,0,0,0,0,0,0,0,0,0,0,0
7,128,536916,5,true,3,1,0,0,0,0,0,0,0,0,0,0,0,0,0,0,0,0
7,594,538007,5,true,4,1,0,0,0,0,0,0,0,0,0,0,0,0,0,0,0,0
7,133,549074,5,true,3,1,0,0,0,0,0,0,0,0,0,0,0,0,0,0,0,0
7,117,550090,5,true,2,1,0,0,0,0,0,0,0,0,0,0,0,0,0,0,0,0
7,134,556637,5,true,3,1,0,0,0,0,0,0,0,0,0,0,0,0,0,0,0,0
7,122,592031,5,true,3,1,0,0,0,0,0,0,0,0,0,0,0,0,0,0,0,0
7,132,597320,5,true,3,1,0,0,0,0,0,0,0,0,0,0,0,0,0,0,0,0
7,137,608181,5,true,4,1,0,0,0,0,0,0,0,0,0,0,0,0,0,0,0,0
7,504,610799,5,true,2,1,90,1,6,0,0,0,1,0,0,0,19,0.13,0.03,0.16,0.29,4
7,605,611695,5,true,3,1,4,0,1,0,0,0,0,0,0,0,3,0,0.01,0.01,0,0
7,600,612855,5,true,3,1,12,0,1,0,0,0,0,0,0,0,7,0,0.05,0.05,0,2
7,138,647850,5,true,4,1,26,0,1,0,0,0,0,0,0,0,-1,0.18,0,0.18,0.1,2
7,135,700308,5,true,3,1,12,0,1,0,0,0,0,0,0,0,3,0,0.03,0.03,0,0
8,58,40383,3,false,1,1,0,0,0,0,0,0,0,0,0,0,0,0,0,0,0,0
8,64,54469,3,false,2,1,90,1,1,0,0,0,0,2,0,0,4,0,0,0,2.25,5
8,74,111317,3,false,3,1,0,0,0,0,0,0,0,0,0,0,0,0,0,0,0,0
8,71,155408,3,false,3,1,75,1,3,0,0,0,1,0,0,0,8,0,0,0,1.94,7
8,75,158499,3,false,3,1,0,0,0,0,0,0,0,0,0,0,0,0,0,0,0,0
8,80,168636,3,false,4,1,0,0,0,0,0,0,0,0,0,0,0,0,0,0,0,0
8,73,200785,3,false,3,1,15,0,1,0,0,0,0,2,0,0,4,0,0,0,0.31,3
8,68,201658,3,false,3,1,90,1,10,1,0,0,0,2,0,3,32,0.4,0.08,0.48,2.25,8
8,70,222683,3,false,3,1,74,1,3,0,0,0,1,0,0,0,15,0.11,0,0.11,1.94,9
8,62,242882,3,false,2,1,0,0,0,0,0,0,0,0,0,0,0,0,0,0,0,0
8,65,436893,3,false,2,1,0,0,0,0,0,0,0,0,0,0,0,0,0,0,0,0
8,79,444102,3,false,4,1,74,1,4,0,1,0,1,0,0,0,17,0,0.21,0.21,1.94,8
8,59,444172,3,false,1,1,0,0,0,0,0,0,0,0,0,0,0,0,0,0,0,0
8,57,457569,3,false,1,1,90,1,2,0,0,0,0,2,4,0,13,0,0,0,2.25,0
8,60,463981,3,false,2,1,90,1,1,0,0,0,0,2,0,0,0,0,0,0,2.25,6
8,566,483067,3,false,2,1,90,1,2,0,0,0,0,2,0,0,5,0,0,0,2.25,13
8,77,489888,3,false,3,1,0,0,0,0,0,0,0,0,0,0,0,0,0,0,0,0
8,61,494521,3,false,2,1,90,1,1,0,0,0,0,2,0,0,0,0,0,0,2.25,7
8,573,494928,3,false,2,1,0,0,0,0,0,0,0,0,0,0,0,0,0,0,0,0
8,72,496208,3,false,3,1,1,0,1,0,0,0,0,1,0,0,3,0,0,0,0.19,1
8,67,499604,3,false,3,1,88,1,2,0,0,0,0,1,0,0,9,0.04,0.03,0.07,2.06,1
8,69,503139,3,false,3,1,90,1,2,0,0,0,0,2,0,0,17,0,0.01,0.01,2.25,11
8,608,523700,3,false,4,1,15,0,1,0,0,0,0,2,0,0,6,0.1,0,0.1,0.31,1
8,78,560262,3,false,3,1,0,0,0,0,0,0,0,0,0,0,0,0,0,0,0,0
8,81,561245,3,false,4,1,0,0,0,0,0,0,0,0,0,0,0,0,0,0,0,0
8,66,575901,3,false,2,1,0,0,0,0,0,0,0,0,0,0,0,0,0,0,0,0
8,76,614574,3,false,3,1,15,0,1,0,0,0,0,2,0,0,5,0,0,0,0.31,2
8,63,620487,3,false,2,1,0,0,0,0,0,0,0,0,0,0,0,0,0,0,0,0
8,406,91651,15,true,3,1,27,0,1,0,0,0,0,0,0,0,3,0,0.01,0.01,0.1,2
8,587,106921,15,true,1,1,0,0,0,0,0,0,0,0,0,0,0,0,0,0,0,0
8,238,114283,15,true,3,1,8,0,1,0,0,0,0,0,0,0,2,0,0,0,0,1
8,386,122074,15,true,1,1,0,0,0,0,0,0,0,0,0,0,0,0,0,0,0,0
8,408,155405,15,true,3,1,0,0,0,0,0,0,0,0,0,0,0,0,0,0,0,0
8,390,171314,15,true,2,1,90,1,2,0,0,0,0,1,0,0,11,0,0.14,0.14,0.65,6
8,384,204936,15,true,1,1,90,1,3,0,0,0,0,1,3,0,12,0,0,0,0.65,0
8,388,209036,15,true,2,1,90,1,10,1,0,0,0,1,0,2,31,0.89,0.32,1.21,0.65,4
8,398,209244,15,true,3,1,81,1,1,0,0,0,0,1,0,0,15,0.12,0.4,0.52,0.65,6
8,481,215379,15,true,3,1,62,1,2,0,0,0,0,1,0,0,14,0,0.25,0.25,0.55,6
8,402,220566,15,true,3,1,0,0,0,0,0,0,0,0,0,0,0,0,0,0,0,0
8,411,223094,15,true,4,1,90,1,2,0,0,0,0,1,0,0,6,0.74,0.02,0.76,0.65,3
8,400,248875,15,true,3,1,0,0,0,0,0,0,0,0,0,0,0,0,0,0,0,0
8,404,433036,15,true,3,1,0,0,0,0,0,0,0,0,0,0,0,0,0,0,0,0
8,397,437730,15,true,3,1,90,1,2,0,0,0,0,1,0,0,16,0.06,0.02,0.08,0.65,5
8,401,438234,15,true,4,1,0,0,0,0,0,0,0,0,0,0,0,0,0,0,0,0
8,392,448514,15,true,2,1,0,0,0,0,0,0,0,0,0,0,0,0,0,0,0,0
8,389,465351,15,true,2,1,33,0,1,0,0,0,0,0,0,0,4,0,0.04,0.04,0.1,1
8,405,465694,15,true,3,1,0,0,0,0,0,0,0,0,0,0,0,0,0,0,0,0
8,399,466052,15,true,3,1,27,0,8,0,2,0,0,0,0,1,28,0,0.5,0.5,0.1,0
8,387,472769,15,true,2,1,62,1,2,0,0,0,0,1,0,0,5,0.07,0.41,0.48,0.55,2
8,395,477064,15,true,2,1,56,1,1,0,0,0,0,1,0,0,-1,0.17,0.02,0.19,0.55,2
8,391,477424,15,true,2,1,90,1,9,1,0,0,0,1,0,1,28,0.19,0.05,0.24,0.65,7
8,394,494307,15,true,2,1,0,0,0,0,0,0,0,0,0,0,0,0,0,0,0,0
8,403,510281,15,true,3,1,0,0,0,0,0,0,0,0,0,0,0,0,0,0,0,0
8,407,575204,15,true,3,1,0,0,0,0,0,0,0,0,0,0,0,0,0,0,0,0
8,393,578153,15,true,2,1,90,1,2,0,0,0,0,1,0,0,14,0,0.02,0.02,0.65,4
8,409,590039,15,true,3,1,0,0,0,0,0,0,0,0,0,0,0,0,0,0,0,0
8,396,616222,15,true,2,1,0,0,0,0,0,0,0,0,0,0,0,0,0,0,0,0
8,410,649208,15,true,3,1,0,0,0,0,0,0,0,0,0,0,0,0,0,0,0,0
9,356,97032,14,false,2,1,90,1,2,0,0,0,0,2,0,0,8,0.25,0.01,0.26,1.58,11
9,350,116535,14,false,1,1,90,1,2,0,0,0,0,2,3,0,7,0,0,0,1.58,0
9,352,155503,14,false,1,1,0,0,0,0,0,0,0,0,0,0,0,0,0,0,0,0
9,374,158983,14,false,3,1,0,0,0,0,0,0,0,0,0,0,0,0,0,0,0,0
9,359,171287,14,false,2,1,0,0,0,0,0,0,0,0,0,0,0,0,0,0,0,0
9,373,206915,14,false,3,1,0,0,0,0,0,0,0,0,0,0,0,0,0,0,0,0
9,364,214285,14,false,2,1,0,0,0,0,0,0,0,0,0,0,0,0,0,0,0,0
9,357,216094,14,false,2,1,90,1,0,0,0,0,0,2,0,0,3,0.01,0.09,0.1,1.58,2
9,379,219168,14,false,4,1,90,1,2,0,0,0,0,2,0,0,6,1.09,0.01,1.1,1.58,1
9,370,223541,14,false,3,1,0,0,0,0,0,0,0,0,0,0,0,0,0,0,0,0
9,372,243016,14,false,3,1,27,0,1,0,0,0,0,0,0,0,9,0,0.01,0.01,1.07,3
9,367,243298,14,false,3,1,90,1,12,1,0,0,0,2,0,3,33,0.3,0.15,0.45,1.58,12
9,368,424876,14,false,3,1,90,1,8,1,0,0,0,2,0,1,29,0.85,0.27,1.12,1.58,7
9,354,432987,14,false,1,1,0,0,0,0,0,0,0,0,0,0,0,0,0,0,0,0
9,371,441266,14,false,3,1,77,1,5,0,1,0,0,2,0,0,26,0.06,0.05,0.11,1.1,11
9,383,444884,14,false,3,1,0,0,0,0,0,0,0,0,0,0,0,0,0,0,0,0
9,579,445087,14,false,2,1,20,0,1,0,0,0,0,0,0,0,3,0,0.03,0.03,0.54,4
9,351,449027,14,false,1,1,0,0,0,0,0,0,0,0,0,0,0,0,0,0,0,0
9,355,464353,14,false,1,1,0,0,0,0,0,0,0,0,0,0,0,0,0,0,0,0
9,365,489580,14,false,2,1,0,0,0,0,0,0,0,0,0,0,0,0,0,0,0,0
9,378,491501,14,false,3,1,0,0,0,0,0,0,0,0,0,0,0,0,0,0,0,0
9,360,492777,14,false,2,1,0,0,0,0,0,0,0,0,0,0,0,0,0,0,0,0
9,366,494595,14,false,3,1,62,1,2,0,0,0,0,2,0,0,16,0.26,0.04,0.3,0.51,5
9,382,500058,14,false,4,1,0,0,0,0,0,0,0,0,0,0,0,0,0,0,0,0
9,380,510663,14,false,4,1,0,0,0,0,0,0,0,0,0,0,0,0,0,0,0,0
9,381,514514,14,false,3,1,12,0,1,0,0,0,0,0,0,0,4,0.03,0,0.03,0.48,1
9,361,519440,14,false,2,1,0,0,0,0,0,0,0,0,0,0,0,0,0,0,0,0
9,376,535928,14,false,3,1,0,0,0,0,0,0,0,0,0,0,0,0,0,0,0,0
9,358,544877,14,false,2,1,90,1,0,0,0,0,0,2,0,0,3,0.02,0.02,0.04,1.58,7
9,377,551499,14,false,3,1,27,0,4,0,1,0,0,0,0,0,15,0.1,0.04,0.14,1.07,0
9,353,586268,14,false,1,1,0,0,0,0,0,0,0,0,0,0,0,0,0,0,0,0
9,375,591386,14,false,3,1,0,0,0,0,0,0,0,0,0,0,0,0,0,0,0,0
9,362,606702,14,false,2,1,69,1,1,0,0,0,0,2,0,0,9,0,0.02,0.02,1.04,3
9,369,611922,14,false,3,1,62,1,2,0,0,0,0,2,0,0,9,0.04,0.02,0.06,0.51,3
9,363,647681,14,false,2,1,0,0,0,0,0,0,0,0,0,0,0,0,0,0,0,0
9,448,78916,17,true,2,1,0,0,0,0,0,0,0,0,0,0,0,0,0,0,0,0
9,443,81441,17,true,1,1,0,0,0,0,0,0,0,0,0,0,0,0,0,0,0,0
9,442,98747,17,true,1,1,0,0,0,0,0,0,0,0,0,0,0,0,0,0,0,0
9,457,114243,17,true,3,1,14,0,0,0,0,0,0,1,0,0,-1,0,0,0,1.04,2
9,446,119471,17,true,2,1,1,0,1,0,0,0,0,1,0,0,-1,0,0,0,0.79,0
9,458,180974,17,true,3,1,0,0,0,0,0,0,0,0,0,0,0,0,0,0,0,0
9,460,200089,17,true,3,1,34,0,6,1,0,0,0,1,0,0,28,0.09,0.17,0.26,1.5,3
9,453,201666,17,true,3,1,90,1,2,0,0,0,0,2,0,0,12,0.07,0.02,0.09,2.98,8
9,464,216646,17,true,4,1,90,1,4,0,1,0,0,1,0,0,7,1,0.02,1.02,2.19,8
9,447,220237,17,true,2,1,90,1,3,0,0,0,0,2,0,0,4,0,0.01,0.01,2.98,10
9,456,232653,17,true,3,1,34,0,0,0,0,0,0,1,0,0,1,0.06,0.01,0.07,1.5,6
9,450,441191,17,true,2,1,0,0,0,0,0,0,0,0,0,0,0,0,0,0,0,0
9,454,449434,17,true,3,1,75,1,9,1,0,0,0,1,0,2,31,0.22,0.01,0.23,1.94,2
9,593,463726,17,true,2,1,90,1,1,0,0,0,0,2,0,0,-1,0.03,0,0.03,2.98,9
9,445,465642,17,true,2,1,90,1,3,0,0,0,0,2,0,0,0,0,0,0,2.98,15
9,463,470313,17,true,4,1,0,0,0,0,0,0,0,0,0,0,0,0,0,0,0,0
9,567,470551,17,true,1,1,90,1,1,0,0,0,0,2,5,0,12,0,0,0,2.98,0
9,449,487838,17,true,2,1,90,1,3,0,0,0,0,2,0,0,8,0,0.35,0.35,2.98,11
9,465,538207,17,true,4,1,55,1,4,0,1,0,0,1,0,0,18,0.06,0.14,0.2,1.48,5
9,451,545477,17,true,2,1,0,0,0,0,0,0,0,0,0,0,0,0,0,0,0,0
9,459,547719,17,true,3,1,75,1,3,0,0,0,0,1,0,0,13,0.05,0.01,0.06,1.94,13
9,609,553746,17,true,2,1,0,0,0,0,0,0,0,0,0,0,0,0,0,0,0,0
9,444,554578,17,true,1,1,0,0,0,0,0,0,0,0,0,0,0,0,0,0,0,0
9,466,599303,17,true,4,1,0,0,0,0,0,0,0,0,0,0,0,0,0,0,0,0
9,461,611665,17,true,3,1,0,0,0,0,0,0,0,0,0,0,0,0,0,0,0,0
9,559,632794,17,true,3,1,14,0,1,0,0,0,0,1,0,0,5,0,0,0,1.04,2
9,462,636852,17,true,3,1,55,1,1,0,0,0,0,1,0,0,3,0,0,0,1.48,2
10,136,50175,6,false,4,1,0,0,0,0,0,0,0,0,0,0,0,0,0,0,0,0
10,101,56979,6,false,3,1,0,0,0,0,0,0,0,0,0,0,0,0,0,0,0,0
10,147,109646,6,false,2,1,0,0,0,0,0,0,0,0,0,0,0,0,0,0,0,0
10,143,180736,6,false,2,1,0,0,0,0,0,0,0,0,0,0,0,0,0,0,0,0
10,140,215059,6,false,1,1,90,1,2,0,0,0,0,2,4,0,6,0,0.01,0.01,1.33,0
10,153,220362,6,false,2,1,0,0,0,0,0,0,0,0,0,0,0,0,0,0,0,0
10,142,225796,6,false,2,1,90,1,0,0,0,0,0,2,0,0,5,0.1,0.07,0.17,1.33,6
10,146,242880,6,false,2,1,0,0,0,0,0,0,0,0,0,0,0,0,0,0,0,0
10,40,244850,6,false,3,1,81,1,8,1,0,0,0,2,0,1,37,0.96,0.1,1.06,1.24,7
10,154,244851,6,false,3,1,82,1,13,1,1,0,0,2,0,3,60,0.28,0.19,0.47,1.24,9
10,156,247632,6,false,3,1,14,0,1,0,0,0,0,0,0,0,9,0.03,0.07,0.1,0.22,4
10,200,437499,6,false,2,1,90,1,6,0,1,0,0,2,0,0,25,0,0.2,0.2,1.33,12
10,145,444463,6,false,2,1,0,0,0,0,0,0,0,0,0,0,0,0,0,0,0,0
10,155,448047,6,false,3,1,25,0,1,0,0,0,0,0,0,0,6,0,0.02,0.02,0.28,3
10,149,460028,6,false,2,1,90,1,0,0,0,0,0,2,0,0,6,0.01,0.03,0.04,1.33,4
10,167,463034,6,false,4,1,0,0,0,0,0,0,0,0,0,0,0,0,0,0,0,0
10,158,463936,6,false,3,1,0,0,0,0,0,0,0,0,0,0,0,0,0,0,0,0
10,578,465920,6,false,3,1,0,0,0,0,0,0,0,0,0,0,0,0,0,0,0,0
10,165,475168,6,false,4,1,90,1,11,1,1,0,0,2,0,2,45,0.63,0.06,0.69,1.33,3
10,144,482609,6,false,2,1,75,1,1,0,0,0,0,2,0,0,2,0,0.03,0.03,1.11,3
10,159,486672,6,false,3,1,0,0,0,0,0,0,0,0,0,0,0,0,0,0,0,0
10,163,491007,6,false,3,1,0,0,0,0,0,0,0,0,0,0,0,0,0,0,0,0
10,583,498444,6,false,2,1,25,0,1,0,0,0,0,0,0,0,3,0,0,0,0.28,1
10,168,499309,6,false,4,1,0,0,0,0,0,0,0,0,0,0,0,0,0,0,0,0
10,170,503037,6,false,4,1,0,0,0,0,0,0,0,0,0,0,0,0,0,0,0,0
10,141,508479,6,false,1,1,0,0,0,0,0,0,0,0,0,0,0,0,0,0,0,0
10,161,514356,6,false,3,1,64,1,1,0,0,0,0,2,0,0,8,0.21,0.03,0.24,1.05,9
10,166,517052,6,false,4,1,0,0,0,0,0,0,0,0,0,0,0,0,0,0,0,0
10,568,543158,6,false,3,1,0,0,0,0,0,0,0,0,0,0,0,0,0,0,0,0
10,560,549939,6,false,1,1,0,0,0,0,0,0,0,0,0,0,0,0,0,0,0,0
10,148,551210,6,false,2,1,64,1,1,0,0,0,0,2,0,0,5,0.01,0.03,0.04,1.05,3
10,169,567119,6,false,4,1,0,0,0,0,0,0,0,0,0,0,0,0,0,0,0,0
10,150,574458,6,false,2,1,0,0,0,0,0,0,0,0,0,0,0,0,0,0,0,0
10,151,577016,6,false,2,1,90,1,3,0,0,0,0,2,0,0,13,0,0.01,0.01,1.33,15
10,164,593117,6,false,3,1,8,0,1,0,0,0,0,0,0,0,2,0,0,0,0.09,1
10,152,620109,6,false,2,1,0,0,0,0,0,0,0,0,0,0,0,0,0,0,0,0
10,561,622758,6,false,2,1,0,0,0,0,0,0,0,0,0,0,0,0,0,0,0,0
10,157,624773,6,false,3,1,7,0,1,0,0,0,0,0,0,0,3,0,0,0,0.09,1
10,266,76357,10,true,3,1,0,0,0,0,0,0,0,0,0,0,0,0,0,0,0,0
10,250,80201,10,true,1,1,90,1,2,0,0,0,0,3,3,0,11,0,0,0,2.24,0
10,251,86873,10,true,1,1,0,0,0,0,0,0,0,0,0,0,0,0,0,0,0,0
10,261,153133,10,true,3,1,90,1,2,0,0,0,0,3,0,0,17,0,0.04,0.04,2.24,10
10,270,153366,10,true,3,1,0,0,0,0,0,0,0,0,0,0,0,0,0,0,0,0
10,258,166477,10,true,2,1,90,1,6,0,2,0,0,3,0,0,21,0.09,0.18,0.27,2.24,6
10,256,167074,10,true,2,1,0,0,0,0,0,0,0,0,0,0,0,0,0,0,0,0
10,254,169528,10,true,2,1,81,1,1,0,0,0,0,3,0,0,4,0.13,0.04,0.17,2.21,7
10,253,174874,10,true,2,1,0,0,0,0,0,0,0,0,0,0,0,0,0,0,0,0
10,269,184349,10,true,2,1,17,0,1,0,0,0,0,0,0,0,7,0.03,0,0.03,0.03,1
10,265,207189,10,true,3,1,72,1,2,0,0,0,0,3,0,0,14,0.03,0.03,0.06,2.21,4
10,262,209289,10,true,3,1,0,0,0,0,0,0,0,0,0,0,0,0,0,0,0,0
10,257,232892,10,true,2,1,90,1,0,0,0,0,0,3,0,0,1,0.02,0.02,0.04,2.24,4
10,271,244042,10,true,4,1,8,0,1,0,0,0,0,0,0,0,6,0.02,0,0.02,0.03,1
10,255,246301,10,true,2,1,90,1,3,0,0,0,0,3,0,0,7,0,0.03,0.03,2.24,10
10,580,463210,10,true,3,1,23,0,1,0,0,0,0,0,0,0,5,0,0,0,0.03,3
10,264,477555,10,true,3,1,66,1,2,0,0,0,0,3,0,0,10,0,0.26,0.26,2.21,6
10,252,505079,10,true,1,1,0,0,0,0,0,0,0,0,0,0,0,0,0,0,0,0
10,610,547686,10,true,2,1,0,0,0,0,0,0,0,0,0,0,0,0,0,0,0,0
10,569,551466,10,true,4,1,90,1,6,1,0,0,0,3,0,0,33,0.73,0.01,0.74,2.24,2
10,263,560552,10,true,3,1,17,0,1,0,0,0,0,0,0,0,2,0,0.01,0.01,0.03,3
10,570,571779,10,true,3,1,72,1,2,0,0,0,0,3,0,0,10,0.16,0.01,0.17,2.21,4
10,268,577725,10,true,3,1,90,1,7,1,0,0,0,3,0,0,34,0.17,0.04,0.21,2.24,8
10,272,631786,10,true,4,1,0,0,0,0,0,0,0,0,0,0,0,0,0,0,0,0
11,212,108413,8,true,3,2,0,0,0,0,0,0,0,0,0,0,0,0,0,0,0,0
11,199,121709,8,true,1,2,0,0,0,0,0,0,0,0,0,0,0,0,0,0,0,0
11,213,152551,8,true,3,2,0,0,0,0,0,0,0,0,0,0,0,0,0,0,0,0
11,555,169593,8,true,1,2,0,0,0,0,0,0,0,0,0,0,0,0,0,0,0,0
11,198,172649,8,true,1,2,90,1,1,0,0,0,0,4,4,0,4,0,0,0,2.21,0
11,224,205533,8,true,4,2,67,1,2,0,0,0,0,3,0,0,8,0.36,0,0.36,2.01,6
11,214,209400,8,true,3,2,90,1,2,0,0,0,0,4,0,0,21,0.05,0.02,0.07,2.21,9
11,205,218364,8,true,2,2,0,0,0,0,0,0,0,0,0,0,0,0,0,0,0,0
11,153,220362,8,true,2,2,16,0,1,0,0,0,0,1,0,0,-2,0,0,0,0.2,1
11,577,223723,8,true,2,2,73,1,1,0,0,0,0,3,0,0,-3,0,0,0,2.01,8
11,223,231747,8,true,4,2,0,0,0,0,0,0,0,0,0,0,0,0,0,0,0,0
11,208,232185,8,true,3,2,0,0,0,0,0,0,0,0,0,0,0,0,0,0,0,0
11,207,242313,8,true,2,2,15,0,1,0,0,0,0,1,0,0,1,0,0,0,0.2,1
11,204,244723,8,true,2,2,90,1,0,0,0,0,0,4,0,0,-8,0.11,0.16,0.27,2.21,5
11,201,247348,8,true,2,2,0,0,0,0,0,0,0,0,0,0,0,0,0,0,0,0
11,222,247412,8,true,4,2,62,1,2,0,0,0,0,3,0,0,13,0.05,0,0.05,2.01,4
11,202,427623,8,true,2,2,90,1,0,0,0,0,0,4,0,0,-4,0.04,0,0.04,2.21,6
11,241,433154,8,true,3,2,22,0,1,0,0,0,0,1,0,0,2,0,0,0,0.2,2
11,218,438464,8,true,3,2,0,0,0,0,0,0,0,0,0,0,0,0,0,0,0,0
11,219,450542,8,true,3,2,0,0,0,0,0,0,0,0,0,0,0,0,0,0,0,0
11,42,485337,8,true,3,2,27,0,1,0,0,0,0,1,0,0,3,0,0.01,0.01,0.2,1
11,211,488024,8,true,3,2,67,1,5,0,1,0,0,3,0,0,27,0.05,0.07,0.12,2.01,10
11,215,489706,8,true,3,2,0,0,0,0,0,0,0,0,0,0,0,0,0,0,0,0
11,210,496221,8,true,3,2,90,1,2,0,0,0,0,4,0,0,21,0,0.07,0.07,2.21,7
11,206,515621,8,true,2,2,0,0,0,0,0,0,0,0,0,0,0,0,0,0,0,0
11,217,536694,8,true,3,2,0,0,0,0,0,0,0,0,0,0,0,0,0,0,0,0
11,595,559152,8,true,3,2,22,0,1,0,0,0,0,1,0,0,3,0,0,0,0.2,1
11,588,570794,8,true,2,2,74,1,2,0,0,0,0,3,0,0,9,0.02,0,0.02,2.01,14
11,220,590014,8,true,2,2,0,0,0,0,0,0,0,0,0,0,0,0,0,0,0,0
11,216,606921,8,true,3,2,0,0,0,0,0,0,0,0,0,0,0,0,0,0,0,0
11,203,651426,8,true,2,2,90,1,0,0,0,0,0,4,0,0,-1,0,0,0,2.21,7
11,225,660392,8,true,4,2,0,0,0,0,0,0,0,0,0,0,0,0,0,0,0,0
11,221,672492,8,true,3,2,0,0,0,0,0,0,0,0,0,0,0,0,0,0,0,0
11,406,91651,15,false,3,2,15,0,1,0,0,0,0,0,0,0,9,0,0.01,0.01,0,0
11,587,106921,15,false,1,2,0,0,0,0,0,0,0,0,0,0,0,0,0,0,0,0
11,238,114283,15,false,3,2,0,0,0,0,0,0,0,0,0,0,0,0,0,0,0,0
11,386,122074,15,false,1,2,0,0,0,0,0,0,0,0,0,0,0,0,0,0,0,0
11,408,155405,15,false,3,2,0,0,0,0,0,0,0,0,0,0,0,0,0,0,0,0
11,390,171314,15,false,2,2,90,1,2,0,0,0,0,1,0,0,19,0.09,0.57,0.66,0.66,6
11,384,204936,15,false,1,2,90,1,0,0,0,1,0,1,1,0,5,0,0,0,0.66,0
11,388,209036,15,false,2,2,90,1,2,0,0,0,0,1,0,0,12,0,0.04,0.04,0.66,5
11,398,209244,15,false,3,2,90,1,9,0,2,0,0,1,0,1,38,0.87,0.45,1.32,0.66,7
11,481,215379,15,false,3,2,81,1,3,0,0,0,0,1,0,0,25,0.07,0.22,0.29,0.66,14
11,402,220566,15,false,3,2,0,0,0,0,0,0,0,0,0,0,0,0,0,0,0,0
11,411,223094,15,false,4,2,90,1,13,2,0,0,0,1,0,3,60,0.66,0,0.66,0.66,5
11,400,248875,15,false,3,2,0,0,0,0,0,0,0,0,0,0,0,0,0,0,0,0
11,404,433036,15,false,3,2,0,0,0,0,0,0,0,0,0,0,0,0,0,0,0,0
11,397,437730,15,false,3,2,90,1,5,0,1,0,0,1,0,0,33,0.06,0.57,0.63,0.66,3
11,392,448514,15,false,2,2,0,0,0,0,0,0,0,0,0,0,0,0,0,0,0,0
11,389,465351,15,false,2,2,0,0,0,0,0,0,0,0,0,0,0,0,0,0,0,0
11,399,466052,15,false,3,2,81,1,14,2,0,0,0,1,0,3,60,0.35,0.55,0.9,0.66,3
11,387,472769,15,false,2,2,88,1,2,0,0,0,0,1,0,0,11,0.02,0.02,0.04,0.66,1
11,395,477064,15,false,2,2,0,0,0,0,0,0,0,0,0,0,0,0,0,0,0,0
11,391,477424,15,false,2,2,74,1,5,0,1,0,0,1,0,0,18,0,0.04,0.04,0.66,2
11,394,494307,15,false,2,2,0,0,0,0,0,0,0,0,0,0,0,0,0,0,0,0
11,622,554054,15,false,2,2,1,0,1,0,0,0,0,0,0,0,3,0,0,0,0,0
11,407,575204,15,false,3,2,0,0,0,0,0,0,0,0,0,0,0,0,0,0,0,0
11,393,578153,15,false,2,2,88,1,2,0,0,0,0,1,0,0,17,0,0.02,0.02,0.66,7
11,409,590039,15,false,3,2,0,0,0,0,0,0,0,0,0,0,0,0,0,0,0,0
11,396,616222,15,false,2,2,1,0,1,0,0,0,0,0,0,0,3,0,0,0,0,0
11,621,616288,15,false,3,2,8,0,1,0,0,0,0,0,0,0,3,0.1,0,0.1,0,0
11,616,637238,15,false,3,2,8,0,1,0,0,0,0,0,0,0,3,0,0.12,0.12,0,1
11,410,649208,15,false,3,2,0,0,0,0,0,0,0,0,0,0,0,0,0,0,0,0
12,58,40383,3,true,1,2,0,0,0,0,0,0,0,0,0,0,0,0,0,0,0,0
12,64,54469,3,true,2,2,90,1,1,0,0,0,0,1,0,0,5,0,0.02,0.02,1.84,6
12,74,111317,3,true,3,2,9,0,1,0,0,0,0,1,0,0,3,0,0.01,0.01,0.16,0
12,71,155408,3,true,3,2,68,1,3,0,0,0,1,0,0,0,13,0,0.01,0.01,1.67,2
12,75,158499,3,true,3,2,3,0,1,0,0,0,0,1,0,0,5,0,0,0,0.13,2
12,80,168636,3,true,4,2,0,0,0,0,0,0,0,0,0,0,0,0,0,0,0,0
12,73,200785,3,true,3,2,21,0,1,0,0,0,0,1,0,0,4,0,0,0,0.16,3
12,68,201658,3,true,3,2,90,1,1,0,0,0,0,1,0,0,20,0.09,0.21,0.3,1.84,11
12,70,222683,3,true,3,2,80,1,3,0,0,0,1,0,0,0,12,0.61,0.05,0.66,1.67,5
12,615,230650,3,true,1,2,0,0,0,0,0,0,0,0,0,0,0,0,0,0,0,0
12,62,242882,3,true,2,2,0,0,0,0,0,0,0,0,0,0,0,0,0,0,0,0
12,65,436893,3,true,2,2,0,0,0,0,0,0,0,0,0,0,0,0,0,0,0,0
12,79,444102,3,true,4,2,80,1,5,0,1,0,1,0,0,0,11,0.58,0.04,0.62,1.67,3
12,59,444172,3,true,1,2,0,0,0,0,0,0,0,0,0,0,0,0,0,0,0,0
12,57,457569,3,true,1,2,90,1,3,0,0,0,0,1,5,0,20,0,0,0,1.84,0
12,60,463981,3,true,2,2,90,1,4,0,0,0,0,1,0,0,19,0,0.74,0.74,1.84,12
12,566,483067,3,true,2,2,90,1,4,0,0,0,0,1,0,0,11,0.25,0.03,0.28,1.84,10
12,77,489888,3,true,3,2,0,0,0,0,0,0,0,0,0,0,0,0,0,0,0,0
12,61,494521,3,true,2,2,90,1,4,0,0,0,0,1,0,2,27,0,0.07,0.07,1.84,9
12,573,494928,3,true,2,2,0,0,0,0,0,0,0,0,0,0,0,0,0,0,0,0
12,72,496208,3,true,3,2,0,0,0,0,0,0,0,0,0,0,0,0,0,0,0,0
12,67,499604,3,true,3,2,90,1,2,0,0,0,0,1,0,0,4,0.4,0.02,0.42,1.84,5
12,69,503139,3,true,3,2,86,1,12,1,0,0,1,0,0,3,39,0.26,0.27,0.53,1.71,15
12,608,523700,3,true,4,2,0,0,0,0,0,0,0,0,0,0,0,0,0,0,0,0
12,78,560262,3,true,3,2,0,0,0,0,0,0,0,0,0,0,0,0,0,0,0,0
12,81,561245,3,true,4,2,9,0,1,0,0,0,0,1,0,0,4,0,0,0,0.16,1
12,66,575901,3,true,2,2,0,0,0,0,0,0,0,0,0,0,0,0,0,0,0,0
12,76,614574,3,true,3,2,0,0,0,0,0,0,0,0,0,0,0,0,0,0,0,0
12,63,620487,3,true,2,2,0,0,0,0,0,0,0,0,0,0,0,0,0,0,0,0
12,229,17761,9,false,2,2,90,1,12,1,0,0,0,1,0,2,27,0.1,0.01,0.11,2.16,10
12,231,106611,9,false,2,2,0,0,0,0,0,0,0,0,0,0,0,0,0,0,0,0
12,226,111234,9,false,1,2,90,1,3,0,0,0,0,1,4,0,22,0,0,0,2.16,0
12,21,128295,9,false,3,2,0,0,0,0,0,0,0,0,0,0,0,0,0,0,0,0
12,228,138001,9,false,1,2,0,0,0,0,0,0,0,0,0,0,0,0,0,0,0,0
12,236,215413,9,false,3,2,90,1,2,0,0,0,0,1,0,0,24,0.06,0.16,0.22,2.16,10
12,233,224967,9,false,2,2,90,1,4,0,0,0,0,1,0,0,7,0,0.01,0.01,2.16,12
12,227,229600,9,false,1,2,0,0,0,0,0,0,0,0,0,0,0,0,0,0,0,0
12,239,232928,9,false,3,2,61,1,1,0,0,0,0,1,0,0,9,0,0,0,0.58,10
12,209,242898,9,false,3,2,28,0,1,0,0,0,0,0,0,0,1,0,0,0,1.58,2
12,234,243571,9,false,2,2,0,0,0,0,0,0,0,0,0,0,0,0,0,0,0,0
12,247,244860,9,false,3,2,28,0,1,0,0,0,0,0,0,0,3,0,0.01,0.01,1.58,3
12,237,440993,9,false,3,2,90,1,4,0,0,0,0,1,0,0,16,0.02,0.07,0.09,2.16,13
12,230,480455,9,false,2,2,90,1,4,0,0,0,0,1,0,0,6,0.09,0.01,0.1,2.16,12
12,248,486385,9,false,4,2,20,0,1,0,0,0,0,0,0,0,2,0.04,0,0.04,1.58,1
12,240,490094,9,false,3,2,4,0,1,0,0,0,0,0,0,0,2,0,0,0,0,0
12,245,496661,9,false,3,2,0,0,0,0,0,0,0,0,0,0,0,0,0,0,0,0
12,235,499300,9,false,2,2,0,0,0,0,0,0,0,0,0,0,0,0,0,0,0,0
12,243,502697,9,false,3,2,4,0,0,0,0,0,0,0,0,0,-2,0.03,0.02,0.05,0,0
12,232,512462,9,false,2,2,0,0,0,0,0,0,0,0,0,0,0,0,0,0,0,0
12,246,513466,9,false,3,2,85,1,2,0,0,0,0,1,0,0,13,0,0.01,0.01,2.16,9
12,242,550615,9,false,3,2,61,1,2,0,0,0,0,1,0,0,12,0.05,0.01,0.06,0.58,2
12,249,586309,9,false,4,2,69,1,2,0,0,0,0,1,0,0,6,1.48,0,1.48,0.58,3
12,244,609873,9,false,3,2,86,1,2,0,0,0,0,1,0,0,12,0,0.03,0.03,2.16,9
13,623,79602,7,true,1,2,0,0,0,0,0,0,0,0,0,0,0,0,0,0,0,0
13,178,80178,7,true,2,2,0,0,0,0,0,0,0,0,0,0,0,0,0,0,0,0
13,172,110690,7,true,1,2,0,0,0,0,0,0,0,0,0,0,0,0,0,0,0,0
13,184,168144,7,true,3,2,90,1,2,0,0,0,0,1,0,0,14,0.01,0.04,0.05,0.72,10
13,176,173878,7,true,2,2,90,1,2,0,0,0,0,1,0,0,15,0.18,0.05,0.23,0.72,3
13,193,176412,7,true,4,2,0,0,0,0,0,0,0,0,0,0,0,0,0,0,0,0
13,584,196100,7,true,3,2,19,0,1,0,0,0,0,1,0,0,2,0,0.02,0.02,0.69,0
13,179,204813,7,true,2,2,0,0,0,0,0,0,0,0,0,0,0,0,0,0,0,0
13,492,210156,7,true,4,2,90,1,2,0,0,0,0,1,0,0,6,0.93,0.03,0.96,0.72,3
13,195,218997,7,true,4,2,0,0,0,0,0,0,0,0,0,0,0,0,0,0,0,0
13,180,220583,7,true,2,2,0,0,0,0,0,0,0,0,0,0,0,0,0,0,0,0
13,188,226965,7,true,3,2,19,0,1,0,0,0,0,1,0,0,2,0,0.01,0.01,0.69,2
13,194,230730,7,true,4,2,32,0,1,0,0,0,0,1,0,0,5,0,0,0,0.69,2
13,91,231065,7,true,2,2,12,0,1,0,0,0,0,1,0,0,-1,0,0,0,0.54,2
13,186,241293,7,true,3,2,57,1,1,0,0,0,0,0,0,0,4,0,0.06,0.06,0.02,4
13,104,428580,7,true,3,2,0,0,0,0,0,0,0,0,0,0,0,0,0,0,0,0
13,174,436761,7,true,2,2,0,0,0,0,0,0,0,0,0,0,0,0,0,0,0,0
13,187,439668,7,true,3,2,0,0,0,0,0,0,0,0,0,0,0,0,0,0,0,0
13,175,451284,7,true,2,2,90,1,2,0,0,0,0,1,0,0,15,0,0.19,0.19,0.72,2
13,173,461102,7,true,2,2,77,1,8,0,0,0,1,0,0,2,28,0,0.01,0.01,0.18,9
13,177,465390,7,true,2,2,0,0,0,0,0,0,0,0,0,0,0,0,0,0,0,0
13,190,469272,7,true,3,2,58,1,1,0,0,0,0,0,0,0,7,0.05,0.13,0.18,0.02,6
13,110,472739,7,true,1,2,90,1,2,0,0,0,0,1,1,0,10,0,0,0,0.72,0
13,183,480457,7,true,3,2,70,1,3,0,0,0,1,0,0,0,12,0.06,0.09,0.15,0.02,6
13,171,484389,7,true,1,2,0,0,0,0,0,0,0,0,0,0,0,0,0,0,0,0
13,191,492498,7,true,3,2,0,0,0,0,0,0,0,0,0,0,0,0,0,0,0,0
13,185,501459,7,true,3,2,31,0,1,0,0,0,0,1,0,0,8,0.02,0.02,0.04,0.69,4
13,182,539142,7,true,2,2,90,1,1,0,0,0,0,1,0,0,4,0.02,0.04,0.06,0.72,4
13,197,549653,7,true,4,2,0,0,0,0,0,0,0,0,0,0,0,0,0,0,0,0
13,196,551262,7,true,4,2,0,0,0,0,0,0,0,0,0,0,0,0,0,0,0,0
13,181,577411,7,true,2,2,0,0,0,0,0,0,0,0,0,0,0,0,0,0,0,0
13,599,627221,7,true,4,2,0,0,0,0,0,0,0,0,0,0,0,0,0,0,0,0
13,192,629397,7,true,3,2,0,0,0,0,0,0,0,0,0,0,0,0,0,0,0,0
13,575,661888,7,true,3,2,70,1,3,0,0,0,1,0,0,0,17,0.03,0.13,0.16,0.02,7
13,189,684268,7,true,3,2,0,0,0,0,0,0,0,0,0,0,0,0,0,0,0,0
13,289,101282,11,false,3,2,0,0,0,0,0,0,0,0,0,0,0,0,0,0,0,0
13,274,105666,11,false,1,2,0,0,0,0,0,0,0,0,0,0,0,0,0,0,0,0
13,277,108416,11,false,2,2,90,1,9,0,0,0,1,0,0,1,25,0,0,0,1.29,13
13,279,146426,11,false,2,2,90,1,6,0,0,0,1,0,0,0,24,0,0,0,1.29,7
13,285,160817,11,false,2,2,0,0,0,0,0,0,0,0,0,0,0,0,0,0,0,0
13,273,167825,11,false,1,2,0,0,0,0,0,0,0,0,0,0,0,0,0,0,0,0
13,556,169359,11,false,2,2,0,0,0,0,0,0,0,0,0,0,0,0,0,0,0,0
13,295,169432,11,false,4,2,90,1,1,0,0,0,1,0,0,0,7,0,0.01,0.01,1.29,4
13,288,171270,11,false,3,2,0,0,0,0,0,0,0,0,0,0,0,0,0,0,0,0
13,280,193278,11,false,2,2,45,1,0,0,0,0,0,0,0,0,2,0,0,0,1.09,4
13,292,208481,11,false,3,2,0,0,0,0,0,0,0,0,0,0,0,0,0,0,0,0
13,296,213292,11,false,3,2,0,0,0,0,0,0,0,0,0,0,0,0,0,0,0,0
13,282,232351,11,false,2,2,90,1,6,0,0,0,1,0,0,0,21,0,0.07,0.07,1.29,2
13,287,232905,11,false,3,2,31,0,6,1,0,0,0,0,0,0,24,0.58,0,0.58,0.2,1
13,290,243413,11,false,3,2,90,1,2,0,0,0,1,0,0,0,6,0,0.01,0.01,1.29,10
13,281,433590,11,false,2,2,45,0,1,0,0,0,0,0,0,0,4,0,0,0,0.2,3
13,276,444307,11,false,1,2,0,0,0,0,0,0,0,0,0,0,0,0,0,0,0,0
13,563,445028,11,false,3,2,45,1,1,0,0,0,0,0,0,0,6,0,0,0,1.09,3
13,283,449428,11,false,2,2,0,0,0,0,0,0,0,0,0,0,0,0,0,0,0,0
13,340,462635,11,false,3,2,0,0,0,0,0,0,0,0,0,0,0,0,0,0,0,0
13,291,465525,11,false,3,2,0,0,0,0,0,0,0,0,0,0,0,0,0,0,0,0
13,589,469266,11,false,3,2,45,0,1,0,0,0,0,0,0,0,6,0,0.01,0.01,0.2,6
13,297,470294,11,false,3,2,0,0,0,0,0,0,0,0,0,0,0,0,0,0,0,0
13,572,473284,11,false,1,2,90,1,10,0,0,0,1,0,3,3,32,0,0,0,1.29,0
13,293,490161,11,false,3,2,0,0,0,0,0,0,0,0,0,0,0,0,0,0,0,0
13,617,490884,11,false,3,2,7,0,1,0,0,0,0,0,0,0,3,0,0,0,0.18,0
13,275,494950,11,false,1,2,0,0,0,0,0,0,0,0,0,0,0,0,0,0,0,0
13,298,500957,11,false,4,2,0,0,0,0,0,0,0,0,0,0,0,0,0,0,0,0
13,278,501902,11,false,2,2,0,0,0,0,0,0,0,0,0,0,0,0,0,0,0,0
13,299,534392,11,false,4,2,0,0,0,0,0,0,0,0,0,0,0,0,0,0,0,0
13,286,540324,11,false,3,2,82,1,6,0,1,0,1,0,0,0,23,0.12,0.02,0.14,1.11,10
13,574,552946,11,false,3,2,0,0,0,0,0,0,0,0,0,0,0,0,0,0,0,0
13,294,553783,11,false,3,2,0,0,0,0,0,0,0,0,0,0,0,0,0,0,0,0
13,585,597462,11,false,2,2,31,0,1,0,0,0,0,0,0,0,3,0,0,0,0.2,1
13,586,606930,11,false,2,2,58,1,1,0,0,0,0,0,0,0,9,0.01,0,0.01,1.09,9
13,576,608227,11,false,3,2,58,1,0,0,0,0,0,0,0,0,-2,0.01,0.01,0.02,1.09,7
13,284,661800,11,false,2,2,0,0,0,0,0,0,0,0,0,0,0,0,0,0,0,0
14,356,97032,14,true,2,2,90,1,1,0,0,0,0,2,0,0,5,0,0.03,0.03,2.3,7
14,350,116535,14,true,1,2,90,1,0,0,0,0,0,2,1,0,-5,0,0,0,2.3,0
14,352,155503,14,true,1,2,0,0,0,0,0,0,0,0,0,0,0,0,0,0,0,0
14,374,158983,14,true,3,2,0,0,0,0,0,0,0,0,0,0,0,0,0,0,0,0
14,359,171287,14,true,2,2,0,0,0,0,0,0,0,0,0,0,0,0,0,0,0,0
14,373,206915,14,true,3,2,0,0,0,0,0,0,0,0,0,0,0,0,0,0,0,0
14,364,214285,14,true,2,2,19,0,1,0,0,0,0,0,0,0,4,0.04,0.01,0.05,0.07,0
14,357,216094,14,true,2,2,70,1,1,0,0,0,0,2,0,0,9,0,0.02,0.02,2.23,6
14,379,219168,14,true,4,2,90,1,8,1,0,0,0,2,0,2,30,0.99,0,0.99,2.3,1
14,370,223541,14,true,3,2,0,0,0,0,0,0,0,0,0,0,0,0,0,0,0,0
14,372,243016,14,true,3,2,76,1,2,0,0,0,0,2,0,0,10,0,0.39,0.39,2.23,10
14,367,243298,14,true,3,2,70,1,5,0,1,0,0,2,0,0,21,0,0.65,0.65,2.23,3
14,368,424876,14,true,3,2,90,1,4,0,0,0,0,2,0,0,24,0.16,0.17,0.33,2.3,13
14,354,432987,14,true,1,2,0,0,0,0,0,0,0,0,0,0,0,0,0,0,0,0
14,371,441266,14,true,3,2,19,0,1,0,0,0,0,0,0,0,7,0,0.01,0.01,0.07,1
14,383,444884,14,true,3,2,0,0,0,0,0,0,0,0,0,0,0,0,0,0,0,0
14,579,445087,14,true,2,2,13,0,0,0,0,0,0,0,0,0,-1,0,0.01,0.01,0.07,1
14,351,449027,14,true,1,2,0,0,0,0,0,0,0,0,0,0,0,0,0,0,0,0
14,355,464353,14,true,1,2,0,0,0,0,0,0,0,0,0,0,0,0,0,0,0,0
14,365,489580,14,true,2,2,0,0,0,0,0,0,0,0,0,0,0,0,0,0,0,0
14,378,491501,14,true,3,2,0,0,0,0,0,0,0,0,0,0,0,0,0,0,0,0
14,360,492777,14,true,2,2,0,0,0,0,0,0,0,0,0,0,0,0,0,0,0,0
14,366,494595,14,true,3,2,90,1,4,0,1,0,0,2,0,0,23,0.23,0.2,0.43,2.3,10
14,382,500058,14,true,4,2,0,0,0,0,0,0,0,0,0,0,0,0,0,0,0,0
14,380,510663,14,true,4,2,0,0,0,0,0,0,0,0,0,0,0,0,0,0,0,0
14,381,514514,14,true,3,2,0,0,0,0,0,0,0,0,0,0,0,0,0,0,0,0
14,361,519440,14,true,2,2,0,0,0,0,0,0,0,0,0,0,0,0,0,0,0,0
14,376,535928,14,true,3,2,0,0,0,0,0,0,0,0,0,0,0,0,0,0,0,0
14,358,544877,14,true,2,2,70,1,1,0,0,0,0,2,0,0,9,0,0.01,0.01,2.23,8
14,377,551499,14,true,3,2,90,1,6,1,0,0,0,2,0,0,24,0.32,0.19,0.51,2.3,7
14,353,586268,14,true,1,2,0,0,0,0,0,0,0,0,0,0,0,0,0,0,0,0
14,375,591386,14,true,3,2,13,0,1,0,0,0,0,0,0,0,3,0,0,0,0.07,5
14,362,606702,14,true,2,2,76,1,3,0,0,0,0,2,0,0,13,0,0.05,0.05,2.23,11
14,369,611922,14,true,3,2,19,0,1,0,0,0,0,0,0,0,5,0,0.03,0.03,0.07,0
14,363,647681,14,true,2,2,0,0,0,0,0,0,0,0,0,0,0,0,0,0,0,0
14,490,60689,18,false,4,2,0,0,0,0,0,0,0,0,0,0,0,0,0,0,0,0
14,467,85633,18,false,1,2,90,1,1,0,0,0,0,2,2,0,6,0,0.01,0.01,1.75,0
14,473,159506,18,false,2,2,85,1,0,0,0,0,0,2,0,0,2,0,0.35,0.35,1.75,5
14,558,204561,18,false,3,2,90,1,4,0,0,0,0,2,0,0,15,0.05,0,0.05,1.75,15
14,476,204822,18,false,2,2,0,0,0,0,0,0,0,0,0,0,0,0,0,0,0,0
14,489,204968,18,false,3,2,0,0,0,0,0,0,0,0,0,0,0,0,0,0,0,0
14,482,209046,18,false,3,2,1,0,1,0,0,0,0,0,0,0,2,0,0,0,0,0
14,488,210462,18,false,3,2,0,0,0,0,0,0,0,0,0,0,0,0,0,0,0,0
14,469,215136,18,false,2,2,90,1,6,0,1,0,0,2,0,0,16,0.12,0.15,0.27,1.75,12
14,468,221389,18,false,1,2,0,0,0,0,0,0,0,0,0,0,0,0,0,0,0,0
14,480,222531,18,false,3,2,90,1,13,1,1,0,0,2,0,3,36,0.79,0.04,0.83,1.75,5
14,471,227444,18,false,2,2,90,1,3,0,0,0,0,2,0,0,3,0,0,0,1.75,13
14,487,250199,18,false,3,2,1,0,1,0,0,0,0,0,0,0,3,0,0,0,0,0
14,590,428971,18,false,1,2,0,0,0,0,0,0,0,0,0,0,0,0,0,0,0,0
14,486,432714,18,false,3,2,90,1,2,0,0,0,0,2,0,0,16,0,0.16,0.16,1.75,8
14,483,456512,18,false,3,2,65,1,9,1,0,0,0,1,0,2,30,0.35,0.63,0.98,1.42,9
14,167,463034,18,false,4,2,24,0,1,0,0,0,0,1,0,0,9,0.07,0,0.07,0.33,0
14,493,465680,18,false,4,2,0,0,0,0,0,0,0,0,0,0,0,0,0,0,0,0
14,478,470315,18,false,2,2,4,0,1,0,0,0,0,0,0,0,5,0,0,0,0,1
14,485,476887,18,false,3,2,0,0,0,0,0,0,0,0,0,0,0,0,0,0,0,0
14,491,482973,18,false,4,2,90,1,1,0,0,0,0,2,0,0,4,0.74,0.04,0.78,1.75,5
14,470,485047,18,false,2,2,0,0,0,0,0,0,0,0,0,0,0,0,0,0,0,0
14,475,500151,18,false,2,2,0,0,0,0,0,0,0,0,0,0,0,0,0,0,0,0
14,484,503301,18,false,3,2,0,0,0,0,0,0,0,0,0,0,0,0,0,0,0,0
14,479,538638,18,false,2,2,0,0,0,0,0,0,0,0,0,0,0,0,0,0,0,0
14,477,549067,18,false,2,2,0,0,0,0,0,0,0,0,0,0,0,0,0,0,0,0
14,581,568420,18,false,2,2,0,0,0,0,0,0,0,0,0,0,0,0,0,0,0,0
14,474,575458,18,false,2,2,90,1,1,0,0,0,0,2,0,0,6,0,0,0,1.75,8
14,472,575476,18,false,2,2,90,1,1,0,0,0,0,2,0,0,2,0.18,0,0.18,1.75,6
15,448,78916,17,false,2,2,0,0,0,0,0,0,0,0,0,0,0,0,0,0,0,0
15,443,81441,17,false,1,2,0,0,0,0,0,0,0,0,0,0,0,0,0,0,0,0
15,442,98747,17,false,1,2,0,0,0,0,0,0,0,0,0,0,0,0,0,0,0,0
15,457,114243,17,false,3,2,8,0,1,0,0,0,0,0,0,0,3,0,0.2,0.2,0.38,3
15,446,119471,17,false,2,2,0,0,0,0,0,0,0,0,0,0,0,0,0,0,0,0
15,458,180974,17,false,3,2,0,0,0,0,0,0,0,0,0,0,0,0,0,0,0,0
15,460,200089,17,false,3,2,70,1,3,0,0,0,1,0,0,0,0,0.07,0.02,0.09,0.74,2
15,453,201666,17,false,3,2,90,1,3,0,0,0,1,0,0,0,9,0.04,0.01,0.05,1.12,4
15,464,216646,17,false,4,2,81,1,8,1,0,0,1,0,0,2,37,0.35,0,0.35,0.74,6
15,447,220237,17,false,2,2,90,1,5,0,0,0,1,0,0,0,22,0.01,0,0.01,1.12,5
15,456,232653,17,false,3,2,8,0,1,0,0,0,0,0,0,0,3,0,0.13,0.13,0.38,1
15,450,441191,17,false,2,2,0,0,0,0,0,0,0,0,0,0,0,0,0,0,0,0
15,454,449434,17,false,3,2,81,1,8,1,0,0,1,0,0,0,32,0.2,0.1,0.3,0.74,3
15,593,463726,17,false,2,2,90,1,11,0,1,0,1,0,0,2,37,0,0.06,0.06,1.12,8
15,445,465642,17,false,2,2,90,1,6,0,0,0,1,0,0,0,25,0,0.02,0.02,1.12,3
15,405,465694,17,false,3,2,70,1,2,0,0,0,1,0,0,0,9,0,0.2,0.2,0.74,4
15,463,470313,17,false,4,2,19,0,4,0,1,0,0,0,0,0,18,0.02,0.01,0.03,0.38,0
15,567,470551,17,false,1,2,90,1,7,0,0,0,1,0,4,0,32,0,0,0,1.12,0
15,449,487838,17,false,2,2,90,1,11,0,0,0,1,0,0,3,52,0.03,0.31,0.34,1.12,13
15,465,538207,17,false,4,2,0,0,0,0,0,0,0,0,0,0,0,0,0,0,0,0
15,451,545477,17,false,2,2,0,0,0,0,0,0,0,0,0,0,0,0,0,0,0,0
15,459,547719,17,false,3,2,90,1,3,0,0,0,1,0,0,0,16,0,0.04,0.04,1.12,9
15,609,553746,17,false,2,2,0,0,0,0,0,0,0,0,0,0,0,0,0,0,0,0
15,444,554578,17,false,1,2,0,0,0,0,0,0,0,0,0,0,0,0,0,0,0,0
15,466,599303,17,false,4,2,0,0,0,0,0,0,0,0,0,0,0,0,0,0,0,0
15,461,611665,17,false,3,2,1,0,1,0,0,0,0,0,0,0,3,0,0,0,0,0
15,559,632794,17,false,3,2,0,0,0,0,0,0,0,0,0,0,0,0,0,0,0,0
15,462,636852,17,false,3,2,19,0,1,0,0,0,0,0,0,0,4,0,0,0,0.38,3
15,497,67089,19,true,1,2,0,0,0,0,0,0,0,0,0,0,0,0,0,0,0,0
15,508,115556,19,true,2,2,0,0,0,0,0,0,0,0,0,0,0,0,0,0,0,0
15,502,122798,19,true,2,2,67,1,2,0,0,0,0,1,0,0,7,0.06,0.02,0.08,0.48,3
15,501,135720,19,true,2,2,0,0,0,0,0,0,0,0,0,0,0,0,0,0,0,0
15,526,154566,19,true,4,2,15,0,1,0,0,0,0,0,0,0,6,0.2,0,0.2,0,0
15,515,172780,19,true,3,2,0,0,0,0,0,0,0,0,0,0,0,0,0,0,0,0
15,494,184254,19,true,1,2,0,0,0,0,0,0,0,0,0,0,0,0,0,0,0,0
15,516,202993,19,true,3,2,90,1,2,0,0,0,0,2,0,0,17,0,0.02,0.02,0.72,11
15,527,212319,19,true,4,2,0,0,0,0,0,0,0,0,0,0,0,0,0,0,0,0
15,495,214572,19,true,1,2,0,0,0,0,0,0,0,0,0,0,0,0,0,0,0,0
15,498,221466,19,true,2,2,0,0,0,0,0,0,0,0,0,0,0,0,0,0,0,0
15,500,221632,19,true,2,2,0,0,0,0,0,0,0,0,0,0,0,0,0,0,0,0
15,519,232787,19,true,3,2,0,0,0,0,0,0,0,0,0,0,0,0,0,0,0,0
15,505,232859,19,true,2,2,0,0,0,0,0,0,0,0,0,0,0,0,0,0,0,0
15,455,432422,19,true,3,2,74,1,2,0,0,0,0,2,0,0,16,0.05,0.02,0.07,0.72,4
15,401,438234,19,true,4,2,90,1,2,0,0,0,0,2,0,0,14,0.17,0.07,0.24,0.72,4
15,499,441164,19,true,2,2,90,1,1,0,0,0,0,2,0,0,1,0.33,0.1,0.43,0.72,4
15,521,445044,19,true,3,2,0,0,0,0,0,0,0,0,0,0,0,0,0,0,0,0
15,512,460842,19,true,3,2,22,0,1,0,0,0,0,1,0,0,4,0.04,0.01,0.05,0.24,2
15,112,469142,19,true,2,2,90,1,1,0,0,0,0,2,0,0,9,0.11,0.03,0.14,0.72,8
15,518,482442,19,true,3,2,0,0,0,0,0,0,0,0,0,0,0,0,0,0,0,0
15,496,485055,19,true,1,2,90,1,1,0,0,0,0,2,0,0,4,0,0,0,0.72,0
15,506,487053,19,true,2,2,22,0,1,0,0,0,0,1,0,0,2,0,0.19,0.19,0.24,1
15,528,490145,19,true,4,2,0,0,0,0,0,0,0,0,0,0,0,0,0,0,0,0
15,503,491279,19,true,2,2,90,1,0,0,0,0,0,2,0,0,5,0,0.02,0.02,0.72,8
15,513,493362,19,true,3,2,0,0,0,0,0,0,0,0,0,0,0,0,0,0,0,0
15,510,499716,19,true,2,2,0,0,0,0,0,0,0,0,0,0,0,0,0,0,0,0
15,523,499721,19,true,3,2,22,0,1,0,0,0,0,1,0,0,1,0.02,0,0.02,0.24,1
15,524,499726,19,true,3,2,0,0,0,0,0,0,0,0,0,0,0,0,0,0,0,0
15,403,510281,19,true,3,2,0,0,0,0,0,0,0,0,0,0,0,0,0,0,0,0
15,514,511499,19,true,3,2,67,1,2,0,0,0,0,1,0,0,10,0.14,0.03,0.17,0.48,3
15,522,547701,19,true,3,2,67,1,2,0,0,0,0,1,0,0,9,0,0,0,0.48,6
15,507,548308,19,true,2,2,0,0,0,0,0,0,0,0,0,0,0,0,0,0,0,0
15,517,550839,19,true,3,2,0,0,0,0,0,0,0,0,0,0,0,0,0,0,0,0
15,525,551226,19,true,3,2,90,1,2,0,0,0,0,2,0,0,18,0.01,0.17,0.18,0.72,8
15,520,570526,19,true,3,2,0,0,0,0,0,0,0,0,0,0,0,0,0,0,0,0
15,601,611917,19,true,3,2,0,0,0,0,0,0,0,0,0,0,0,0,0,0,0,0
15,511,616221,19,true,2,2,0,0,0,0,0,0,0,0,0,0,0,0,0,0,0,0
15,509,640419,19,true,2,2,0,0,0,0,0,0,0,0,0,0,0,0,0,0,0,0
16,111,49262,5,false,1,2,0,0,0,0,0,0,0,0,0,0,0,0,0,0,0,0
16,124,60307,5,false,3,2,90,1,13,1,1,0,0,4,0,3,46,0.05,0.11,0.16,2.93,6
16,116,83299,5,false,2,2,90,1,-1,0,0,0,0,4,0,0,-4,0,0.01,0.01,2.93,3
16,114,204120,5,false,2,2,90,1,-1,0,0,0,0,4,0,0,-2,0.05,0.11,0.16,2.93,3
16,126,219249,5,false,3,2,0,0,0,0,0,0,0,0,0,0,0,0,0,0,0,0
16,328,222694,5,false,2,2,0,0,0,0,0,0,0,0,0,0,0,0,0,0,0,0
16,118,223434,5,false,2,2,0,0,0,0,0,0,0,0,0,0,0,0,0,0,0,0
16,113,231416,5,false,2,2,90,1,0,0,0,0,0,4,0,0,-4,0.02,0.01,0.03,2.93,0
16,121,451340,5,false,3,2,0,0,0,0,0,0,0,0,0,0,0,0,0,0,0,0
16,119,451490,5,false,2,2,10,0,0,0,0,0,0,0,0,0,-1,0,0,0,0.04,0
16,120,454490,5,false,2,2,0,0,0,0,0,0,0,0,0,0,0,0,0,0,0,0
16,125,463067,5,false,4,2,0,0,0,0,0,0,0,0,0,0,0,0,0,0,0,0
16,115,465730,5,false,2,2,90,1,0,0,0,0,0,4,0,0,-2,0.03,0.05,0.08,2.93,2
16,130,467779,5,false,2,2,79,1,0,0,0,0,0,4,0,0,6,0.03,0.08,0.11,2.89,7
16,139,487117,5,false,4,2,0,0,0,0,0,0,0,0,0,0,0,0,0,0,0,0
16,109,489639,5,false,1,2,90,1,0,0,0,0,0,4,1,0,-1,0,0,0,2.93,0
16,129,509416,5,false,3,2,0,0,0,0,0,0,0,0,0,0,0,0,0,0,0,0
16,614,512123,5,false,2,2,0,0,0,0,0,0,0,0,0,0,0,0,0,0,0,0
16,127,514254,5,false,3,2,90,1,5,0,1,0,0,4,0,0,15,0.38,0.17,0.55,2.93,5
16,624,519324,5,false,3,2,0,0,0,0,0,0,0,0,0,0,0,0,0,0,0,0
16,123,532529,5,false,3,2,0,0,0,0,0,0,0,0,0,0,0,0,0,0,0,0
16,128,536916,5,false,3,2,0,0,0,0,0,0,0,0,0,0,0,0,0,0,0,0
16,594,538007,5,false,4,2,10,0,1,0,0,0,0,0,0,0,3,0,0,0,0.04,0
16,133,549074,5,false,3,2,0,0,0,0,0,0,0,0,0,0,0,0,0,0,0,0
16,117,550090,5,false,2,2,0,0,0,0,0,0,0,0,0,0,0,0,0,0,0,0
16,134,556637,5,false,3,2,0,0,0,0,0,0,0,0,0,0,0,0,0,0,0,0
16,122,592031,5,false,3,2,0,0,0,0,0,0,0,0,0,0,0,0,0,0,0,0
16,132,597320,5,false,3,2,0,0,0,0,0,0,0,0,0,0,0,0,0,0,0,0
16,137,608181,5,false,4,2,0,0,0,0,0,0,0,0,0,0,0,0,0,0,0,0
16,504,610799,5,false,2,2,90,1,0,0,0,0,0,4,0,0,-2,0.03,0.02,0.05,2.93,8
16,605,611695,5,false,3,2,73,1,8,1,0,0,0,3,0,1,39,0.7,0.16,0.86,2.83,7
16,600,612855,5,false,3,2,16,0,1,0,0,0,0,1,0,0,6,0,0.01,0.01,0.1,1
16,138,647850,5,false,4,2,79,1,5,0,1,0,0,4,0,0,17,0.17,0.02,0.19,2.89,6
16,135,700308,5,false,3,2,0,0,0,0,0,0,0,0,0,0,0,0,0,0,0,0
16,136,50175,6,true,4,2,0,0,0,0,0,0,0,0,0,0,0,0,0,0,0,0
16,101,56979,6,true,3,2,0,0,0,0,0,0,0,0,0,0,0,0,0,0,0,0
16,28,98980,6,true,1,2,90,1,2,0,0,0,0,3,4,0,18,0,0.01,0.01,1.41,0
16,147,109646,6,true,2,2,0,0,0,0,0,0,0,0,0,0,0,0,0,0,0,0
16,143,180736,6,true,2,2,0,0,0,0,0,0,0,0,0,0,0,0,0,0,0,0
16,140,215059,6,true,1,2,0,0,0,0,0,0,0,0,0,0,0,0,0,0,0,0
16,142,225796,6,true,2,2,22,0,1,0,0,0,0,1,0,0,-1,0,0,0,0.14,0
16,146,242880,6,true,2,2,0,0,0,0,0,0,0,0,0,0,0,0,0,0,0,0
16,40,244850,6,true,3,2,90,1,5,0,1,0,0,3,0,0,28,0.14,1.01,1.15,1.41,5
16,154,244851,6,true,3,2,90,1,7,1,0,0,0,3,0,0,28,0.66,0.13,0.79,1.41,8
16,156,247632,6,true,3,2,67,1,7,1,0,0,0,2,0,0,32,0.41,0.33,0.74,1.26,4
16,200,437499,6,true,2,2,90,1,1,0,0,0,0,3,0,0,-3,0.02,0,0.02,1.41,9
16,145,444463,6,true,2,2,67,1,0,0,0,0,0,2,0,0,-2,0,0.01,0.01,1.26,9
16,155,448047,6,true,3,2,0,0,0,0,0,0,0,0,0,0,0,0,0,0,0,0
16,149,460028,6,true,2,2,71,1,1,0,0,0,0,2,0,0,2,0,0,0,1.31,9
16,158,463936,6,true,3,2,0,0,0,0,0,0,0,0,0,0,0,0,0,0,0,0
16,578,465920,6,true,3,2,0,0,0,0,0,0,0,0,0,0,0,0,0,0,0,0
16,165,475168,6,true,4,2,90,1,9,1,1,1,0,3,0,2,44,1.23,0.04,1.27,1.41,3
16,144,482609,6,true,2,2,90,1,1,0,0,0,0,3,0,0,-1,0,0.01,0.01,1.41,5
16,159,486672,6,true,3,2,13,0,1,0,0,0,0,0,0,0,3,0,0,0,0.07,0
16,163,491007,6,true,3,2,0,0,0,0,0,0,0,0,0,0,0,0,0,0,0,0
16,583,498444,6,true,2,2,18,0,1,0,0,0,0,1,0,0,1,0,0.02,0.02,0.09,3
16,168,499309,6,true,4,2,0,0,0,0,0,0,0,0,0,0,0,0,0,0,0,0
16,170,503037,6,true,4,2,0,0,0,0,0,0,0,0,0,0,0,0,0,0,0,0
16,141,508479,6,true,1,2,0,0,0,0,0,0,0,0,0,0,0,0,0,0,0,0
16,161,514356,6,true,3,2,67,1,7,1,0,0,0,2,0,0,32,0.54,0,0.54,1.26,7
16,568,543158,6,true,3,2,8,0,1,0,0,0,0,1,0,0,1,0.04,0,0.04,0.07,1
16,560,549939,6,true,1,2,0,0,0,0,0,0,0,0,0,0,0,0,0,0,0,0
16,148,551210,6,true,2,2,90,1,4,0,1,0,0,3,0,0,12,0,0.06,0.06,1.41,6
16,169,567119,6,true,4,2,0,0,0,0,0,0,0,0,0,0,0,0,0,0,0,0
16,150,574458,6,true,2,2,0,0,0,0,0,0,0,0,0,0,0,0,0,0,0,0
16,151,577016,6,true,2,2,22,0,1,0,0,0,0,1,0,0,-1,0,0,0,0.14,3
16,164,593117,6,true,3,2,0,0,0,0,0,0,0,0,0,0,0,0,0,0,0,0
16,152,620109,6,true,2,2,0,0,0,0,0,0,0,0,0,0,0,0,0,0,0,0
16,561,622758,6,true,2,2,0,0,0,0,0,0,0,0,0,0,0,0,0,0,0,0
16,157,624773,6,true,3,2,0,0,0,0,0,0,0,0,0,0,0,0,0,0,0,0
17,108,75115,4,false,4,2,2,0,1,0,0,0,0,0,0,0,3,0.04,0,0.04,0,1
17,103,183656,4,false,3,2,0,0,0,0,0,0,0,0,0,0,0,0,0,0,0,0
17,87,191866,4,false,2,2,90,1,3,0,0,0,0,1,0,0,7,0,0.01,0.01,1.46,17
17,89,194010,4,false,2,2,2,0,1,0,0,0,0,0,0,0,3,0,0,0,0,0
17,82,200720,4,false,1,2,90,1,2,0,0,0,0,1,1,0,7,0,0,0,1.46,0
17,98,204580,4,false,3,2,90,1,1,0,0,0,0,1,0,0,11,0,0.14,0.14,1.46,10
17,97,207283,4,false,3,2,0,0,0,0,0,0,0,0,0,0,0,0,0,0,0,0
17,100,244858,4,false,3,2,0,0,0,0,0,0,0,0,0,0,0,0,0,0,0,0
17,86,249231,4,false,3,2,87,1,6,0,1,0,0,1,0,1,29,0.02,0.13,0.15,1.46,11
17,84,432830,4,false,2,2,90,1,3,0,0,0,0,1,0,0,14,0.17,0.01,0.18,1.46,13
17,96,440089,4,false,3,2,68,1,3,0,0,0,1,0,0,0,20,0.03,0.13,0.16,0.13,9
17,105,444180,4,false,3,2,60,1,2,0,0,0,1,0,0,0,4,0.11,0.06,0.17,0.09,1
17,85,444765,4,false,2,2,0,0,0,0,0,0,0,0,0,0,0,0,0,0,0,0
17,90,472713,4,false,2,2,2,0,1,0,0,0,0,0,0,0,6,0,0.02,0.02,0,1
17,106,502500,4,false,4,2,90,1,2,0,0,0,0,1,0,0,2,0.8,0.01,0.81,1.46,4
17,83,507433,4,false,1,2,0,0,0,0,0,0,0,0,0,0,0,0,0,0,0,0
17,102,508395,4,false,3,2,21,0,1,0,0,0,0,1,0,0,4,0,0.01,0.01,1.32,0
17,93,513086,4,false,2,2,0,0,0,0,0,0,0,0,0,0,0,0,0,0,0,0
17,94,513418,4,false,3,2,87,1,10,1,0,0,0,1,0,3,34,0.25,0.02,0.27,1.46,9
17,565,513545,4,false,3,2,90,1,4,0,0,0,0,1,0,0,16,0.21,0.03,0.24,1.46,14
17,95,533463,4,false,3,2,29,0,1,0,0,0,0,1,0,0,16,0.02,0.08,0.1,1.36,7
17,99,543295,4,false,3,2,0,0,0,0,0,0,0,0,0,0,0,0,0,0,0,0
17,92,570241,4,false,2,2,0,0,0,0,0,0,0,0,0,0,0,0,0,0,0,0
17,107,593174,4,false,4,2,0,0,0,0,0,0,0,0,0,0,0,0,0,0,0,0
17,88,607464,4,false,2,2,87,1,2,0,0,0,0,1,0,0,9,0.02,0.21,0.23,1.46,4
17,620,613804,4,false,2,2,0,0,0,0,0,0,0,0,0,0,0,0,0,0,0,0
17,625,97846,13,true,1,2,0,0,0,0,0,0,0,0,0,0,0,0,0,0,0,0
17,260,153682,13,true,3,2,45,0,1,0,0,0,0,0,0,0,7,0.01,0.04,0.05,1.13,6
17,598,173774,13,true,2,2,56,0,1,0,0,0,0,1,0,0,9,0,0,0,1.32,6
17,347,174594,13,true,4,2,21,0,4,0,1,0,0,0,0,0,18,0.1,0,0.1,0.93,1
17,346,177815,13,true,4,2,90,1,8,1,0,0,0,1,0,2,31,0.92,0.02,0.94,1.67,4
17,339,180135,13,true,3,2,0,0,0,0,0,0,0,0,0,0,0,0,0,0,0,0
17,338,199598,13,true,3,2,90,1,2,0,0,0,0,1,0,0,12,0.01,0.09,0.1,1.67,10
17,343,200617,13,true,3,2,22,0,1,0,0,0,0,0,0,0,2,0.24,0.01,0.25,0.93,2
17,326,201595,13,true,1,2,0,0,0,0,0,0,0,0,0,0,0,0,0,0,0,0
17,329,214225,13,true,2,2,33,1,1,0,0,0,0,0,0,0,4,0,0,0,0.35,4
17,332,220627,13,true,2,2,90,1,2,0,0,0,0,1,0,0,12,0.03,0.01,0.04,1.67,8
17,342,221399,13,true,3,2,0,0,0,0,0,0,0,0,0,0,0,0,0,0,0,0
17,330,226182,13,true,2,2,67,1,2,0,0,0,0,1,0,0,9,0,0.01,0.01,0.74,7
17,348,235826,13,true,4,2,0,0,0,0,0,0,0,0,0,0,0,0,0,0,0,0
17,331,243526,13,true,2,2,0,0,0,0,0,0,0,0,0,0,0,0,0,0,0,0
17,345,248056,13,true,3,2,45,0,1,0,0,0,0,0,0,0,6,0,0.01,0.01,1.13,11
17,337,427637,13,true,3,2,45,1,1,0,0,0,0,1,0,0,6,0,0.01,0.01,0.55,3
17,385,432720,13,true,1,2,90,1,3,0,0,0,0,1,4,0,20,0,0,0,1.67,0
17,327,434752,13,true,2,2,45,1,1,0,0,0,0,1,0,0,0,0,0,0,0.55,5
17,336,435997,13,true,3,2,68,1,2,0,0,0,0,1,0,0,11,0.08,0.01,0.09,0.74,2
17,333,437738,13,true,2,2,0,0,0,0,0,0,0,0,0,0,0,0,0,0,0,0
17,335,466525,13,true,3,2,90,1,4,0,0,0,0,1,0,0,13,0.07,0.01,0.08,1.67,16
17,344,486520,13,true,3,2,0,0,0,0,0,0,0,0,0,0,0,0,0,0,0,0
17,341,492859,13,true,3,2,0,0,0,0,0,0,0,0,0,0,0,0,0,0,0,0
17,334,522047,13,true,2,2,90,1,4,0,0,0,0,1,0,0,17,0,0.01,0.01,1.67,19
17,349,565297,13,true,4,2,0,0,0,0,0,0,0,0,0,0,0,0,0,0,0,0
17,604,592740,13,true,3,2,0,0,0,0,0,0,0,0,0,0,0,0,0,0,0,0
17,603,643970,13,true,2,2,0,0,0,0,0,0,0,0,0,0,0,0,0,0,0,0
18,302,50093,12,false,1,2,0,0,0,0,0,0,0,0,0,0,0,0,0,0,0,0
18,300,108813,12,false,1,2,0,0,0,0,0,0,0,0,0,0,0,0,0,0,0,0
18,301,112520,12,false,1,2,0,0,0,0,0,0,0,0,0,0,0,0,0,0,0,0
18,320,147675,12,false,4,2,45,0,5,1,0,0,0,4,0,0,30,0.97,0,0.97,4.01,0
18,311,149929,12,false,3,2,0,0,0,0,0,0,0,0,0,0,0,0,0,0,0,0
18,319,172453,12,false,3,2,0,0,0,0,0,0,0,0,0,0,0,0,0,0,0,0
18,308,176420,12,false,2,2,17,0,1,0,0,0,0,1,0,0,-1,0,0,0,0.86,3
18,303,183015,12,false,2,2,0,0,0,0,0,0,0,0,0,0,0,0,0,0,0,0
18,267,212314,12,false,3,2,72,1,1,0,0,0,0,4,0,0,11,0.02,0.02,0.04,3.91,11
18,571,216055,12,false,3,2,0,0,0,0,0,0,0,0,0,0,0,0,0,0,0,0
18,304,216616,12,false,2,2,90,1,0,0,0,0,0,5,0,0,-14,0.07,0.01,0.08,4.77,1
18,619,218543,12,false,3,2,28,0,1,0,0,0,0,2,0,0,11,0,0.01,0.01,1.92,6
18,259,219924,12,false,2,2,90,1,2,0,0,0,0,5,0,0,7,0,0,0,4.77,12
18,307,222018,12,false,2,2,0,0,0,0,0,0,0,0,0,0,0,0,0,0,0,0
18,317,222625,12,false,4,2,0,0,0,0,0,0,0,0,0,0,0,0,0,0,0,0
18,314,229164,12,false,3,2,0,0,0,0,0,0,0,0,0,0,0,0,0,0,0,0
18,312,231899,12,false,3,2,0,0,0,0,0,0,0,0,0,0,0,0,0,0,0,0
18,324,232457,12,false,3,2,0,0,0,0,0,0,0,0,0,0,0,0,0,0,0,0
18,564,240514,12,false,1,2,90,1,2,0,0,0,0,5,6,0,9,0,0.01,0.01,4.77,0
18,310,241117,12,false,3,2,0,0,0,0,0,0,0,0,0,0,0,0,0,0,0,0
18,562,442967,12,false,3,2,72,1,2,0,0,0,0,4,0,0,10,0.06,0.01,0.07,3.91,5
18,313,443261,12,false,3,2,0,0,0,0,0,0,0,0,0,0,0,0,0,0,0,0
18,306,449429,12,false,2,2,90,1,-1,0,0,1,0,5,0,0,-13,0,0.01,0.01,4.77,10
18,305,455084,12,false,2,2,90,1,6,1,0,0,0,5,0,0,1,0.54,0.12,0.66,4.77,4
18,323,461587,12,false,3,2,7,0,1,0,0,0,0,0,0,0,3,0,0,0,0.18,1
18,322,462387,12,false,4,2,0,0,0,0,0,0,0,0,0,0,0,0,0,0,0,0
18,591,474120,12,false,3,2,90,1,5,0,1,0,0,5,0,0,25,0.4,0.31,0.71,4.77,8
18,318,481624,12,false,3,2,0,0,0,0,0,0,0,0,0,0,0,0,0,0,0,0
18,309,501390,12,false,3,2,61,1,2,0,0,0,0,3,0,0,6,0,0.02,0.02,2.85,9
18,602,524180,12,false,3,2,0,0,0,0,0,0,0,0,0,0,0,0,0,0,0,0
18,315,531442,12,false,3,2,82,1,4,0,1,0,0,5,0,0,25,0,0.22,0.22,4.59,4
18,316,543968,12,false,4,2,45,1,1,0,0,0,0,1,0,0,7,0,0,0,0.77,1
18,554,546600,12,false,1,2,0,0,0,0,0,0,0,0,0,0,0,0,0,0,0,0
18,321,557012,12,false,4,2,0,0,0,0,0,0,0,0,0,0,0,0,0,0,0,0
18,592,572584,12,false,2,2,17,0,1,0,0,0,0,1,0,0,-1,0,0,0,0.86,0
18,414,21205,16,true,1,2,0,0,0,0,0,0,0,0,0,0,0,0,0,0,0,0
18,325,59735,16,true,1,2,0,0,0,0,0,0,0,0,0,0,0,0,0,0,0,0
18,418,95658,16,true,2,2,90,1,4,0,1,0,0,2,0,0,13,0.03,0.01,0.04,2.06,5
18,423,106760,16,true,2,2,72,1,2,0,0,0,0,1,0,0,12,0,0.02,0.02,1.06,8
18,426,141746,16,true,3,2,90,1,23,3,1,0,0,2,0,3,87,2.02,0.48,2.5,2.06,8
18,43,166989,16,true,3,2,90,1,4,0,0,0,0,2,0,0,26,0.47,0.11,0.58,2.06,13
18,429,176297,16,true,3,2,79,1,2,0,0,0,0,1,0,0,17,0.26,0.05,0.31,1.06,6
18,430,184341,16,true,3,2,0,0,0,0,0,0,0,0,0,0,0,0,0,0,0,0
18,416,209365,16,true,2,2,0,0,0,0,0,0,0,0,0,0,0,0,0,0,0,0
18,417,216051,16,true,2,2,73,1,2,0,0,0,0,1,0,0,12,0.15,0.12,0.27,1.06,4
18,419,221820,16,true,2,2,90,1,1,0,0,0,0,2,0,0,2,0.03,0.06,0.09,2.06,0
18,422,230001,16,true,2,2,17,0,1,0,0,0,0,1,0,0,-1,0,0,0,1,0
18,433,232112,16,true,3,2,0,0,0,0,0,0,0,0,0,0,0,0,0,0,0,0
18,428,430871,16,true,3,2,79,1,9,0,2,0,0,1,0,1,31,0.11,0.15,0.26,1.06,2
18,427,446008,16,true,3,2,90,1,11,1,1,0,0,2,0,2,37,1.76,0.21,1.97,2.06,5
18,413,451302,16,true,1,2,0,0,0,0,0,0,0,0,0,0,0,0,0,0,0,0
18,440,458249,16,true,4,2,0,0,0,0,0,0,0,0,0,0,0,0,0,0,0,0
18,412,465247,16,true,1,2,90,1,2,0,0,0,0,2,3,0,11,0,0,0,2.06,0
18,439,485711,16,true,4,2,10,0,1,0,0,0,0,1,0,0,5,0,0.01,0.01,1,3
18,436,490881,16,true,3,2,0,0,0,0,0,0,0,0,0,0,0,0,0,0,0,0
18,431,493250,16,true,3,2,0,0,0,0,0,0,0,0,0,0,0,0,0,0,0,0
18,432,516895,16,true,3,2,79,1,4,0,0,0,0,1,0,0,25,0.14,0.27,0.41,1.06,15
18,438,519913,16,true,3,2,0,0,0,0,0,0,0,0,0,0,0,0,0,0,0,0
18,162,532605,16,true,3,2,10,0,1,0,0,0,0,1,0,0,2,0,0,0,1,5
18,131,535301,16,true,3,2,0,0,0,0,0,0,0,0,0,0,0,0,0,0,0,0
18,434,547037,16,true,3,2,0,0,0,0,0,0,0,0,0,0,0,0,0,0,0,0
18,425,547676,16,true,2,2,0,0,0,0,0,0,0,0,0,0,0,0,0,0,0,0
18,420,550864,16,true,2,2,16,0,1,0,0,0,0,1,0,0,-2,0,0.01,0.01,1,2
18,437,576620,16,true,3,2,0,0,0,0,0,0,0,0,0,0,0,0,0,0,0,0
18,435,576628,16,true,3,2,0,0,0,0,0,0,0,0,0,0,0,0,0,0,0,0
18,424,577974,16,true,2,2,0,0,0,0,0,0,0,0,0,0,0,0,0,0,0,0
18,441,596047,16,true,4,2,0,0,0,0,0,0,0,0,0,0,0,0,0,0,0,0
18,415,596777,16,true,3,2,10,0,1,0,0,0,0,1,0,0,4,0.18,0.01,0.19,1,2
18,421,606745,16,true,2,2,0,0,0,0,0,0,0,0,0,0,0,0,0,0,0,0
19,266,76357,10,false,3,2,0,0,0,0,0,0,0,0,0,0,0,0,0,0,0,0
19,250,80201,10,false,1,2,90,1,3,0,0,0,0,1,3,0,11,0,0,0,2.02,0
19,251,86873,10,false,1,2,0,0,0,0,0,0,0,0,0,0,0,0,0,0,0,0
19,261,153133,10,false,3,2,90,1,2,0,0,0,0,1,0,0,20,0.01,0.4,0.41,2.02,4
19,270,153366,10,false,3,2,0,0,0,0,0,0,0,0,0,0,0,0,0,0,0,0
19,258,166477,10,false,2,2,67,1,6,0,0,0,1,0,0,0,18,0,0,0,0.26,2
19,256,167074,10,false,2,2,0,0,0,0,0,0,0,0,0,0,0,0,0,0,0,0
19,254,169528,10,false,2,2,90,1,2,0,0,0,0,1,0,0,10,0,0.02,0.02,2.02,3
19,253,174874,10,false,2,2,90,1,1,0,0,0,0,1,0,0,4,0,0.04,0.04,2.02,8
19,269,184349,10,false,2,2,22,0,1,0,0,0,0,1,0,0,3,0.02,0.12,0.14,1.77,1
19,265,207189,10,false,3,2,82,1,2,0,0,0,0,1,0,0,14,0,0.2,0.2,1.85,2
19,262,209289,10,false,3,2,14,0,1,0,0,0,0,0,0,0,5,0.06,0.02,0.08,0.41,1
19,257,232892,10,false,2,2,90,1,2,0,0,0,0,1,0,0,13,0,0.01,0.01,2.02,7
19,271,244042,10,false,4,2,0,0,0,0,0,0,0,0,0,0,0,0,0,0,0,0
19,255,246301,10,false,2,2,0,0,0,0,0,0,0,0,0,0,0,0,0,0,0,0
19,580,463210,10,false,3,2,22,0,1,0,0,0,0,1,0,0,2,0.09,0.03,0.12,1.77,2
19,264,477555,10,false,3,2,67,1,3,0,0,0,1,0,0,0,8,0,0.01,0.01,0.26,5
19,252,505079,10,false,1,2,0,0,0,0,0,0,0,0,0,0,0,0,0,0,0,0
19,610,547686,10,false,2,2,0,0,0,0,0,0,0,0,0,0,0,0,0,0,0,0
19,569,551466,10,false,4,2,90,1,2,0,0,0,0,1,0,0,2,0.27,0.01,0.28,2.02,4
19,263,560552,10,false,3,2,7,0,1,0,0,0,0,0,0,0,2,0,0.04,0.04,0.17,0
19,570,571779,10,false,3,2,75,1,1,0,0,0,0,1,0,0,6,0.02,0,0.02,1.62,9
19,268,577725,10,false,3,2,90,1,2,0,0,0,0,1,0,0,8,0.47,0.03,0.5,2.02,4
19,626,616069,10,false,3,2,0,0,0,0,0,0,0,0,0,0,0,0,0,0,0,0
19,272,631786,10,false,4,2,0,0,0,0,0,0,0,0,0,0,0,0,0,0,0,0
19,544,84450,20,true,3,2,90,1,6,0,0,0,1,0,0,3,29,0,0.36,0.36,0.95,7
19,541,93605,20,true,2,2,90,1,6,0,0,0,1,0,0,0,27,0.02,0.05,0.07,0.95,8
19,540,105717,20,true,2,2,0,0,0,0,0,0,0,0,0,0,0,0,0,0,0,0
19,539,167512,20,true,2,2,0,0,0,0,0,0,0,0,0,0,0,0,0,0,0,0
19,533,200834,20,true,2,2,90,1,9,0,0,0,1,0,0,1,28,0,0.01,0.01,0.95,19
19,535,201895,20,true,2,2,0,0,0,0,0,0,0,0,0,0,0,0,0,0,0,0
19,532,223827,20,true,2,2,90,1,8,0,0,0,1,0,0,0,27,0.03,0,0.03,0.95,10
19,530,232571,20,true,1,2,0,0,0,0,0,0,0,0,0,0,0,0,0,0,0,0
19,536,434399,20,true,2,2,90,1,6,0,0,0,1,0,0,0,26,0,0.01,0.01,0.95,7
19,553,437505,20,true,4,2,26,0,8,1,0,0,0,0,0,3,29,1.39,0,1.39,0.37,0
19,552,441264,20,true,4,2,63,1,2,0,0,0,1,0,0,0,5,0.03,0,0.03,0.58,4
19,547,461199,20,true,3,2,1,0,1,0,0,0,0,0,0,0,2,0.17,0,0.17,0.09,1
19,538,477547,20,true,2,2,0,0,0,0,0,0,0,0,0,0,0,0,0,0,0,0
19,542,484420,20,true,3,2,89,1,3,0,0,0,1,0,0,0,13,0.37,0.17,0.54,0.86,6
19,534,487676,20,true,2,2,90,1,6,0,0,0,1,0,0,0,24,0,0.01,0.01,0.95,6
19,529,498016,20,true,1,2,90,1,6,0,0,0,1,0,0,0,22,0,0,0,0.95,0
19,531,515046,20,true,1,2,0,0,0,0,0,0,0,0,0,0,0,0,0,0,0,0
19,537,519634,20,true,2,2,0,0,0,0,0,0,0,0,0,0,0,0,0,0,0,0
19,546,535818,20,true,3,2,0,0,0,0,0,0,0,0,0,0,0,0,0,0,0,0
19,551,536661,20,true,3,2,64,1,3,0,0,0,1,0,0,0,13,0,0.04,0.04,0.58,5
19,543,547027,20,true,3,2,18,0,4,0,1,0,0,0,0,0,15,0,0.16,0.16,0.02,0
19,549,549912,20,true,3,2,0,0,0,0,0,0,0,0,0,0,0,0,0,0,0,0
19,548,554197,20,true,3,2,7,0,1,0,0,0,0,0,0,0,3,0,0,0,0.34,0
19,545,577669,20,true,3,2,90,1,3,0,0,0,1,0,0,0,21,0.02,0.02,0.04,0.95,11
19,612,638411,20,true,2,2,0,0,0,0,0,0,0,0,0,0,0,0,0,0,0,0
19,613,696104,20,true,3,2,0,0,0,0,0,0,0,0,0,0,0,0,0,0,0,0
19,550,699989,20,true,3,2,0,0,0,0,0,0,0,0,0,0,0,0,0,0,0,0
20,2,109745,1,false,1,2,0,0,0,0,0,0,0,0,0,0,0,0,0,0,0,0
20,1,154561,1,false,1,2,90,1,6,0,0,0,1,0,0,0,21,0,0,0,0.33,0
20,15,184029,1,false,3,2,70,1,3,0,0,0,1,0,0,0,13,0.08,0.07,0.15,0.33,5
20,17,195384,1,false,3,2,19,0,1,0,0,0,0,0,0,0,7,0,0,0,0,4
20,10,198869,1,false,2,2,90,1,7,0,0,0,1,0,0,1,26,0,0.05,0.05,0.33,4
20,31,199798,1,false,2,2,11,0,1,0,0,0,0,0,0,0,3,0,0,0,0,1
20,24,200641,1,false,3,2,0,0,0,0,0,0,0,0,0,0,0,0,0,0,0,0
20,13,204480,1,false,3,2,84,1,5,0,0,0,1,0,0,0,19,0,0.1,0.1,0.33,12
20,27,205651,1,false,4,2,0,0,0,0,0,0,0,0,0,0,0,0,0,0,0,0
20,452,208706,1,false,3,2,19,0,1,0,0,0,0,0,0,0,4,0,0.01,0.01,0,3
20,26,219847,1,false,4,2,90,1,2,0,0,0,1,0,0,0,5,0.02,0.03,0.05,0.33,5
20,12,223340,1,false,3,2,90,1,11,1,0,0,1,0,0,3,46,0.63,0.04,0.67,0.33,11
20,25,224117,1,false,4,2,0,0,0,0,0,0,0,0,0,0,0,0,0,0,0,0
20,4,226597,1,false,2,2,90,1,8,0,0,0,1,0,0,0,23,0.13,0.02,0.15,0.33,10
20,14,232413,1,false,3,2,45,0,1,0,0,0,0,0,0,0,6,0,0.07,0.07,0.24,3
20,16,248857,1,false,3,2,0,0,0,0,0,0,0,0,0,0,0,0,0,0,0,0
20,3,437495,1,false,1,2,0,0,0,0,0,0,0,0,0,0,0,0,0,0,0,0
20,23,438098,1,false,3,2,0,0,0,0,0,0,0,0,0,0,0,0,0,0,0,0
20,557,439509,1,false,3,2,45,1,0,0,0,0,0,0,0,0,1,0,0.01,0.01,0.1,3
20,18,444145,1,false,3,2,0,0,0,0,0,0,0,0,0,0,0,0,0,0,0,0
20,5,445122,1,false,2,2,0,0,0,0,0,0,0,0,0,0,0,0,0,0,0,0
20,9,448104,1,false,2,2,0,0,0,0,0,0,0,0,0,0,0,0,0,0,0,0
20,6,462424,1,false,2,2,0,0,0,0,0,0,0,0,0,0,0,0,0,0,0,0
20,8,466075,1,false,2,2,90,1,11,0,1,0,1,0,0,2,30,0.11,0.46,0.57,0.33,3
20,19,481655,1,false,3,2,5,0,1,0,0,0,0,0,0,0,5,0,0,0,0,2
20,7,499169,1,false,3,2,70,1,3,0,0,0,1,0,0,0,15,0.07,0.02,0.09,0.33,5
20,22,499175,1,false,3,2,0,0,0,0,0,0,0,0,0,0,0,0,0,0,0,0
20,11,500040,1,false,2,2,78,1,6,0,0,0,1,0,0,0,25,0,0.01,0.01,0.33,4
20,20,616077,1,false,3,2,0,0,0,0,0,0,0,0,0,0,0,0,0,0,0,0
20,29,72147,2,true,1,2,0,0,0,0,0,0,0,0,0,0,0,0,0,0,0,0
20,46,88894,2,true,3,2,77,1,2,0,0,0,0,1,0,0,23,0.03,0.02,0.05,1.04,10
20,30,101188,2,true,2,2,0,0,0,0,0,0,0,0,0,0,0,0,0,0,0,0
20,618,119090,2,true,3,2,0,0,0,0,0,0,0,0,0,0,0,0,0,0,0,0
20,45,122806,2,true,3,2,90,1,1,0,0,0,0,1,0,0,2,0.05,0.05,0.1,1.04,4
20,33,149484,2,true,2,2,0,0,0,0,0,0,0,0,0,0,0,0,0,0,0,0
20,56,173879,2,true,4,2,19,0,1,0,0,0,0,0,0,0,3,0,0,0,0.02,0
20,55,178301,2,true,4,2,0,0,0,0,0,0,0,0,0,0,0,0,0,0,0,0
20,37,184667,2,true,2,2,90,1,2,0,0,0,0,1,0,0,10,0,0.08,0.08,1.04,7
20,41,195546,2,true,3,2,90,1,2,0,0,0,0,1,0,0,9,0.04,0.02,0.06,1.04,5
20,32,199796,2,true,2,2,77,1,2,0,0,0,0,1,0,0,8,0.15,0.01,0.16,1.04,6
20,611,214590,2,true,2,2,12,0,1,0,0,0,0,0,0,0,4,0,0,0,0,2
20,44,215711,2,true,3,2,0,0,0,0,0,0,0,0,0,0,0,0,0,0,0,0
20,47,226944,2,true,3,2,90,1,2,0,0,0,0,1,0,0,13,0,0.03,0.03,1.04,8
20,34,244954,2,true,2,2,90,1,2,0,0,0,0,1,0,0,6,0,0.01,0.01,1.04,4
20,597,433969,2,true,1,2,90,1,2,0,0,0,0,1,1,0,8,0,0,0,1.04,0
20,36,441302,2,true,2,2,90,1,1,0,0,0,0,1,0,0,-5,0.07,0,0.07,1.04,8
20,54,448089,2,true,3,2,0,0,0,0,0,0,0,0,0,0,0,0,0,0,0,0
20,48,449871,2,true,3,2,0,0,0,0,0,0,0,0,0,0,0,0,0,0,0,0
20,49,469247,2,true,3,2,0,0,0,0,0,0,0,0,0,0,0,0,0,0,0,0
20,596,487992,2,true,2,2,0,0,0,0,0,0,0,0,0,0,0,0,0,0,0,0
20,160,493105,2,true,3,2,12,0,1,0,0,0,0,0,0,0,3,0,0,0,0,2
20,35,515597,2,true,3,2,0,0,0,0,0,0,0,0,0,0,0,0,0,0,0,0
20,166,517052,2,true,4,2,70,1,2,0,0,0,0,1,0,0,11,0,0.1,0.1,1.01,3
20,606,569577,2,true,2,2,0,0,0,0,0,0,0,0,0,0,0,0,0,0,0,0
20,607,571380,2,true,3,2,0,0,0,0,0,0,0,0,0,0,0,0,0,0,0,0
20,51,577285,2,true,3,2,70,1,2,0,0,0,0,1,0,0,5,0,0.01,0.01,1.01,6
20,39,578545,2,true,2,2,0,0,0,0,0,0,0,0,0,0,0,0,0,0,0,0
20,38,606798,2,true,2,2,0,0,0,0,0,0,0,0,0,0,0,0,0,0,0,0
20,53,614071,2,true,3,2,0,0,0,0,0,0,0,0,0,0,0,0,0,0,0,0
20,50,645618,2,true,3,2,0,0,0,0,0,0,0,0,0,0,0,0,0,0,0,0
20,52,653481,2,true,3,2,19,0,0,0,0,0,0,0,0,0,2,0,0,0,0.02,2
20,582,690838,2,true,4,2,0,0,0,0,0,0,0,0,0,0,0,0,0,0,0,0
21,302,50093,12,true,1,3,0,0,0,0,0,0,0,0,0,0,0,0,0,0,0,0
21,300,108813,12,true,1,3,0,0,0,0,0,0,0,0,0,0,0,0,0,0,0,0
21,301,112520,12,true,1,3,0,0,0,0,0,0,0,0,0,0,0,0,0,0,0,0
21,320,147675,12,true,4,3,0,0,0,0,0,0,0,0,0,0,0,0,0,0,0,0
21,311,149929,12,true,3,3,0,0,0,0,0,0,0,0,0,0,0,0,0,0,0,0
21,319,172453,12,true,3,3,0,0,0,0,0,0,0,0,0,0,0,0,0,0,0,0
21,308,176420,12,true,2,3,0,0,0,0,0,0,0,0,0,0,0,0,0,0,0,0
21,303,183015,12,true,2,3,0,0,0,0,0,0,0,0,0,0,0,0,0,0,0,0
21,267,212314,12,true,3,3,90,1,2,0,0,0,0,2,0,0,13,0,0.02,0.02,0.69,4
21,571,216055,12,true,3,3,0,0,0,0,0,0,0,0,0,0,0,0,0,0,0,0
21,304,216616,12,true,2,3,90,1,3,0,0,0,0,2,0,0,5,0,0.01,0.01,0.69,11
21,619,218543,12,true,3,3,77,1,4,0,0,0,0,2,0,0,24,0,0.02,0.02,0.69,19
21,259,219924,12,true,2,3,90,1,3,0,0,0,0,2,0,0,10,0,0.01,0.01,0.69,11
21,307,222018,12,true,2,3,0,0,0,0,0,0,0,0,0,0,0,0,0,0,0,0
21,317,222625,12,true,4,3,0,0,0,0,0,0,0,0,0,0,0,0,0,0,0,0
21,314,229164,12,true,3,3,0,0,0,0,0,0,0,0,0,0,0,0,0,0,0,0
21,312,231899,12,true,3,3,0,0,0,0,0,0,0,0,0,0,0,0,0,0,0,0
21,324,232457,12,true,3,3,0,0,0,0,0,0,0,0,0,0,0,0,0,0,0,0
21,564,240514,12,true,1,3,90,1,2,0,0,0,0,2,5,0,13,0,0,0,0.69,0
21,310,241117,12,true,3,3,0,0,0,0,0,0,0,0,0,0,0,0,0,0,0,0
21,640,431639,12,true,4,3,24,0,1,0,0,0,0,0,0,0,4,0.02,0.01,0.03,0.06,0
21,562,442967,12,true,3,3,65,1,2,0,0,0,0,2,0,0,9,0.04,0,0.04,0.62,5
21,313,443261,12,true,3,3,24,0,1,0,0,0,0,0,0,0,3,0.05,0.02,0.07,0.06,2
21,306,449429,12,true,2,3,90,1,1,0,0,0,0,2,0,0,6,0,0.04,0.04,0.69,7
21,305,455084,12,true,2,3,90,1,1,0,0,0,0,2,0,0,4,0.11,0.12,0.23,0.69,6
21,323,461587,12,true,3,3,11,0,1,0,0,0,0,0,0,0,5,0.05,0,0.05,0,1
21,322,462387,12,true,4,3,0,0,0,0,0,0,0,0,0,0,0,0,0,0,0,0
21,591,474120,12,true,3,3,90,1,1,0,0,0,0,2,0,0,16,0.24,0.02,0.26,0.69,5
21,318,481624,12,true,3,3,0,0,0,0,0,0,0,0,0,0,0,0,0,0,0,0
21,309,501390,12,true,3,3,0,0,0,0,0,0,0,0,0,0,0,0,0,0,0,0
21,602,524180,12,true,3,3,0,0,0,0,0,0,0,0,0,0,0,0,0,0,0,0
21,315,531442,12,true,3,3,78,1,2,0,0,0,0,2,0,0,14,0.03,0.15,0.18,0.69,6
21,316,543968,12,true,4,3,65,1,2,0,0,0,0,2,0,0,8,0.22,0,0.22,0.62,3
21,554,546600,12,true,1,3,0,0,0,0,0,0,0,0,0,0,0,0,0,0,0,0
21,321,557012,12,true,4,3,0,0,0,0,0,0,0,0,0,0,0,0,0,0,0,0
21,592,572584,12,true,2,3,12,0,1,0,0,0,0,0,0,0,4,0,0.02,0.02,0,0
21,356,97032,14,false,2,3,90,1,6,0,0,0,1,0,0,0,32,0,0.02,0.02,0.75,7
21,350,116535,14,false,1,3,90,1,8,0,0,0,1,0,5,1,35,0,0,0,0.75,0
21,352,155503,14,false,1,3,0,0,0,0,0,0,0,0,0,0,0,0,0,0,0,0
21,374,158983,14,false,3,3,0,0,0,0,0,0,0,0,0,0,0,0,0,0,0,0
21,359,171287,14,false,2,3,0,0,0,0,0,0,0,0,0,0,0,0,0,0,0,0
21,373,206915,14,false,3,3,0,0,0,0,0,0,0,0,0,0,0,0,0,0,0,0
21,364,214285,14,false,2,3,0,0,0,0,0,0,0,0,0,0,0,0,0,0,0,0
21,357,216094,14,false,2,3,0,0,0,0,0,0,0,0,0,0,0,0,0,0,0,0
21,379,219168,14,false,4,3,63,1,13,2,0,0,1,0,0,3,61,0.21,0.05,0.26,0.58,3
21,370,223541,14,false,3,3,0,0,0,0,0,0,0,0,0,0,0,0,0,0,0,0
21,372,243016,14,false,3,3,83,1,2,0,0,0,1,0,0,0,14,0.08,0.02,0.1,0.6,11
21,367,243298,14,false,3,3,90,1,11,0,2,0,1,0,0,2,43,0.06,0.4,0.46,0.75,10
21,368,424876,14,false,3,3,90,1,3,0,0,0,1,0,0,0,20,0.16,0.08,0.24,0.75,9
21,354,432987,14,false,1,3,0,0,0,0,0,0,0,0,0,0,0,0,0,0,0,0
21,371,441266,14,false,3,3,26,0,1,0,0,0,0,0,0,0,2,0,0,0,0.17,2
21,383,444884,14,false,3,3,0,0,0,0,0,0,0,0,0,0,0,0,0,0,0,0
21,579,445087,14,false,2,3,90,1,8,0,0,0,1,0,0,0,27,0,0.01,0.01,0.75,10
21,351,449027,14,false,1,3,0,0,0,0,0,0,0,0,0,0,0,0,0,0,0,0
21,355,464353,14,false,1,3,0,0,0,0,0,0,0,0,0,0,0,0,0,0,0,0
21,627,482616,14,false,3,3,26,0,1,0,0,0,0,0,0,0,5,0,0.07,0.07,0.17,0
21,365,489580,14,false,2,3,0,0,0,0,0,0,0,0,0,0,0,0,0,0,0,0
21,378,491501,14,false,3,3,0,0,0,0,0,0,0,0,0,0,0,0,0,0,0,0
21,360,492777,14,false,2,3,0,0,0,0,0,0,0,0,0,0,0,0,0,0,0,0
21,366,494595,14,false,3,3,90,1,3,0,0,0,1,0,0,0,14,0.18,0.05,0.23,0.65,4
21,382,500058,14,false,4,3,0,0,0,0,0,0,0,0,0,0,0,0,0,0,0,0
21,380,510663,14,false,4,3,0,0,0,0,0,0,0,0,0,0,0,0,0,0,0,0
21,381,514514,14,false,3,3,1,0,1,0,0,0,0,0,0,0,3,0,0,0,0.1,0
21,361,519440,14,false,2,3,0,0,0,0,0,0,0,0,0,0,0,0,0,0,0,0
21,376,535928,14,false,3,3,0,0,0,0,0,0,0,0,0,0,0,0,0,0,0,0
21,358,544877,14,false,2,3,90,1,5,0,0,0,1,0,0,0,23,0,0.03,0.03,0.75,5
21,377,551499,14,false,3,3,63,1,3,0,0,0,1,0,0,0,9,0,0.02,0.02,0.58,4
21,353,586268,14,false,1,3,0,0,0,0,0,0,0,0,0,0,0,0,0,0,0,0
21,375,591386,14,false,3,3,6,0,1,0,0,0,0,0,0,0,3,0,0,0,0.15,0
21,362,606702,14,false,2,3,90,1,5,0,0,0,1,0,0,0,28,0,0.03,0.03,0.75,9
21,369,611922,14,false,3,3,0,0,0,0,0,0,0,0,0,0,0,0,0,0,0,0
21,363,647681,14,false,2,3,0,0,0,0,0,0,0,0,0,0,0,0,0,0,0,0
22,108,75115,4,true,4,3,4,0,1,0,0,0,0,0,0,0,2,0,0,0,0.08,1
22,103,183656,4,true,3,3,0,0,0,0,0,0,0,0,0,0,0,0,0,0,0,0
22,87,191866,4,true,2,3,90,1,2,0,0,0,0,1,0,0,8,0,0,0,1.71,5
22,89,194010,4,true,2,3,0,0,0,0,0,0,0,0,0,0,0,0,0,0,0,0
22,82,200720,4,true,1,3,90,1,2,0,0,0,0,1,2,0,10,0,0,0,1.71,0
22,98,204580,4,true,3,3,90,1,11,1,0,0,0,1,0,3,30,0.11,0.01,0.12,1.71,12
22,97,207283,4,true,3,3,0,0,0,0,0,0,0,0,0,0,0,0,0,0,0,0
22,100,244858,4,true,3,3,0,0,0,0,0,0,0,0,0,0,0,0,0,0,0,0
22,86,249231,4,true,3,3,90,1,2,0,0,0,0,1,0,0,4,0.24,0.4,0.64,1.71,6
22,84,432830,4,true,2,3,16,1,1,0,0,0,0,0,0,0,4,0,0,0,0.1,1
22,96,440089,4,true,3,3,85,1,8,0,1,0,0,1,0,3,30,0,0.21,0.21,1.63,4
22,105,444180,4,true,3,3,45,0,1,0,0,0,0,1,0,0,3,0.05,0.01,0.06,1.36,4
22,85,444765,4,true,2,3,0,0,0,0,0,0,0,0,0,0,0,0,0,0,0,0
22,90,472713,4,true,2,3,45,0,1,0,0,0,0,1,0,0,0,0,0,0,1.36,5
22,106,502500,4,true,4,3,90,1,2,0,0,0,0,1,0,0,9,0.5,0.01,0.51,1.71,6
22,83,507433,4,true,1,3,0,0,0,0,0,0,0,0,0,0,0,0,0,0,0,0
22,102,508395,4,true,3,3,45,0,0,0,0,0,0,1,0,0,1,0.03,0.02,0.05,1.36,5
22,93,513086,4,true,2,3,73,0,4,0,0,0,0,1,0,0,11,0.1,0.01,0.11,1.61,10
22,94,513418,4,true,3,3,90,1,2,0,0,0,0,1,0,0,11,0,0.17,0.17,1.71,5
22,565,513545,4,true,3,3,45,1,0,0,0,0,0,0,0,0,0,0.15,0.01,0.16,0.35,5
22,95,533463,4,true,3,3,45,1,1,0,0,0,0,0,0,0,6,0,0.01,0.01,0.35,11
22,99,543295,4,true,3,3,0,0,0,0,0,0,0,0,0,0,0,0,0,0,0,0
22,92,570241,4,true,2,3,0,0,0,0,0,0,0,0,0,0,0,0,0,0,0,0
22,107,593174,4,true,4,3,0,0,0,0,0,0,0,0,0,0,0,0,0,0,0,0
22,88,607464,4,true,2,3,45,1,1,0,0,0,0,0,0,0,2,0.03,0,0.03,0.35,5
22,620,613804,4,true,2,3,0,0,0,0,0,0,0,0,0,0,0,0,0,0,0,0
22,544,84450,20,false,3,3,90,1,3,0,0,0,0,1,0,0,12,0.06,0.12,0.18,1.21,15
22,541,93605,20,false,2,3,63,1,2,0,0,0,0,1,0,0,0,0.11,0,0.11,0.76,2
22,540,105717,20,false,2,3,0,0,0,0,0,0,0,0,0,0,0,0,0,0,0,0
22,501,135720,20,false,2,3,90,1,2,0,0,0,0,1,0,0,9,0,0.08,0.08,1.21,8
22,539,167512,20,false,2,3,0,0,0,0,0,0,0,0,0,0,0,0,0,0,0,0
22,533,200834,20,false,2,3,90,1,4,0,0,0,0,1,0,0,16,0,0.02,0.02,1.21,14
22,535,201895,20,false,2,3,0,0,0,0,0,0,0,0,0,0,0,0,0,0,0,0
22,532,223827,20,false,2,3,90,1,4,0,0,0,0,1,0,0,12,0.06,0.14,0.2,1.21,10
22,530,232571,20,false,1,3,0,0,0,0,0,0,0,0,0,0,0,0,0,0,0,0
22,536,434399,20,false,2,3,90,1,2,0,0,0,0,1,0,0,14,0,0.01,0.01,1.21,7
22,553,437505,20,false,4,3,26,0,4,0,1,0,0,0,0,0,15,0.1,0.01,0.11,0.45,2
22,552,441264,20,false,4,3,90,1,2,0,0,0,0,1,0,0,11,0.26,0.06,0.32,1.21,3
22,547,461199,20,false,3,3,0,0,0,0,0,0,0,0,0,0,0,0,0,0,0,0
22,538,477547,20,false,2,3,0,0,0,0,0,0,0,0,0,0,0,0,0,0,0,0
22,542,484420,20,false,3,3,90,1,8,1,0,0,0,1,0,1,25,0.84,0.03,0.87,1.21,6
22,534,487676,20,false,2,3,26,0,1,0,0,0,0,0,0,0,8,0,0,0,0.45,2
22,529,498016,20,false,1,3,90,1,2,0,0,0,0,1,1,0,11,0,0,0,1.21,0
22,531,515046,20,false,1,3,0,0,0,0,0,0,0,0,0,0,0,0,0,0,0,0
22,537,519634,20,false,2,3,0,0,0,0,0,0,0,0,0,0,0,0,0,0,0,0
22,546,535818,20,false,3,3,0,0,0,0,0,0,0,0,0,0,0,0,0,0,0,0
22,551,536661,20,false,3,3,63,1,2,0,0,0,0,1,0,0,11,0,0.07,0.07,0.76,5
22,543,547027,20,false,3,3,0,0,0,0,0,0,0,0,0,0,0,0,0,0,0,0
22,549,549912,20,false,3,3,0,0,0,0,0,0,0,0,0,0,0,0,0,0,0,0
22,646,549940,20,false,3,3,16,0,1,0,0,0,0,0,0,0,3,0,0,0,0.39,0
22,548,554197,20,false,3,3,0,0,0,0,0,0,0,0,0,0,0,0,0,0,0,0
22,545,577669,20,false,3,3,73,1,1,0,0,0,0,1,0,0,16,0.28,0.18,0.46,0.82,3
22,612,638411,20,false,2,3,0,0,0,0,0,0,0,0,0,0,0,0,0,0,0,0
22,651,661313,20,false,4,3,0,0,0,0,0,0,0,0,0,0,0,0,0,0,0,0
22,613,696104,20,false,3,3,0,0,0,0,0,0,0,0,0,0,0,0,0,0,0,0
22,550,699989,20,false,3,3,0,0,0,0,0,0,0,0,0,0,0,0,0,0,0,0
23,111,49262,5,true,1,3,0,0,0,0,0,0,0,0,0,0,0,0,0,0,0,0
23,124,60307,5,true,3,3,90,1,1,0,0,0,0,1,0,0,-1,0.79,0.04,0.83,2.49,4
23,116,83299,5,true,2,3,90,1,5,0,0,0,0,1,0,1,20,0,0.01,0.01,2.49,12
23,114,204120,5,true,2,3,90,1,2,0,0,0,0,1,0,0,17,0,0.33,0.33,2.49,4
23,126,219249,5,true,3,3,0,0,0,0,0,0,0,0,0,0,0,0,0,0,0,0
23,328,222694,5,true,2,3,1,0,1,0,0,0,0,0,0,0,3,0,0,0,0,0
23,118,223434,5,true,2,3,0,0,0,0,0,0,0,0,0,0,0,0,0,0,0,0
23,113,231416,5,true,2,3,77,1,2,0,0,0,0,1,0,0,8,0.06,0.01,0.07,2.4,5
23,121,451340,5,true,3,3,0,0,0,0,0,0,0,0,0,0,0,0,0,0,0,0
23,119,451490,5,true,2,3,12,0,1,0,0,0,0,0,0,0,7,0,0.16,0.16,0.1,1
23,120,454490,5,true,2,3,0,0,0,0,0,0,0,0,0,0,0,0,0,0,0,0
23,125,463067,5,true,4,3,0,0,0,0,0,0,0,0,0,0,0,0,0,0,0,0
23,115,465730,5,true,2,3,76,1,4,0,1,0,0,1,0,0,17,0,0.14,0.14,2.4,2
23,130,467779,5,true,2,3,0,0,0,0,0,0,0,0,0,0,0,0,0,0,0,0
23,652,471551,5,true,3,3,0,0,0,0,0,0,0,0,0,0,0,0,0,0,0,0
23,139,487117,5,true,4,3,0,0,0,0,0,0,0,0,0,0,0,0,0,0,0,0
23,109,489639,5,true,1,3,90,1,3,0,0,0,0,1,3,0,17,0,0.2,0.2,2.49,0
23,129,509416,5,true,3,3,90,1,2,0,0,0,0,1,0,0,18,0.17,0.04,0.21,2.49,3
23,614,512123,5,true,2,3,0,0,0,0,0,0,0,0,0,0,0,0,0,0,0,0
23,127,514254,5,true,3,3,90,1,2,0,0,0,0,1,0,0,13,0.09,0.05,0.14,2.49,9
23,624,519324,5,true,3,3,0,0,0,0,0,0,0,0,0,0,0,0,0,0,0,0
23,123,532529,5,true,3,3,0,0,0,0,0,0,0,0,0,0,0,0,0,0,0,0
23,128,536916,5,true,3,3,0,0,0,0,0,0,0,0,0,0,0,0,0,0,0,0
23,594,538007,5,true,4,3,13,0,0,0,0,0,0,0,0,0,-7,0.42,0,0.42,0.1,0
23,133,549074,5,true,3,3,0,0,0,0,0,0,0,0,0,0,0,0,0,0,0,0
23,117,550090,5,true,2,3,0,0,0,0,0,0,0,0,0,0,0,0,0,0,0,0
23,134,556637,5,true,3,3,0,0,0,0,0,0,0,0,0,0,0,0,0,0,0,0
23,122,592031,5,true,3,3,0,0,0,0,0,0,0,0,0,0,0,0,0,0,0,0
23,639,592984,5,true,3,3,0,0,0,0,0,0,0,0,0,0,0,0,0,0,0,0
23,132,597320,5,true,3,3,0,0,0,0,0,0,0,0,0,0,0,0,0,0,0,0
23,137,608181,5,true,4,3,0,0,0,0,0,0,0,0,0,0,0,0,0,0,0,0
23,504,610799,5,true,2,3,90,1,12,1,0,0,0,1,0,2,27,0.19,0.01,0.2,2.49,10
23,605,611695,5,true,3,3,90,1,2,0,0,0,0,1,0,0,16,0.05,0.09,0.14,2.49,5
23,600,612855,5,true,3,3,0,0,0,0,0,0,0,0,0,0,0,0,0,0,0,0
23,138,647850,5,true,4,3,90,1,2,0,0,0,0,1,0,0,9,0.43,0.02,0.45,2.49,8
23,135,700308,5,true,3,3,0,0,0,0,0,0,0,0,0,0,0,0,0,0,0,0
23,625,97846,13,false,1,3,0,0,0,0,0,0,0,0,0,0,0,0,0,0,0,0
23,260,153682,13,false,3,3,17,0,0,0,0,0,0,0,0,0,0,0,0,0,1.32,1
23,629,155465,13,false,1,3,0,0,0,0,0,0,0,0,0,0,0,0,0,0,0,0
23,598,173774,13,false,2,3,90,1,4,0,0,0,0,1,0,0,12,0,0.57,0.57,2.19,10
23,347,174594,13,false,4,3,17,0,1,0,0,0,0,0,0,0,2,0.17,0.14,0.31,1.32,0
23,346,177815,13,false,4,3,72,1,1,0,0,0,0,1,0,0,0,0.56,0.06,0.62,0.87,3
23,339,180135,13,false,3,3,0,0,0,0,0,0,0,0,0,0,0,0,0,0,0,0
23,338,199598,13,false,3,3,90,1,2,0,0,0,0,1,0,0,13,0,0.01,0.01,2.19,11
23,343,200617,13,false,3,3,0,0,0,0,0,0,0,0,0,0,0,0,0,0,0,0
23,326,201595,13,false,1,3,0,0,0,0,0,0,0,0,0,0,0,0,0,0,0,0
23,329,214225,13,false,2,3,0,0,0,0,0,0,0,0,0,0,0,0,0,0,0,0
23,332,220627,13,false,2,3,90,1,4,0,0,0,0,1,0,0,9,0.14,0,0.14,2.19,10
23,342,221399,13,false,3,3,0,0,0,0,0,0,0,0,0,0,0,0,0,0,0,0
23,330,226182,13,false,2,3,60,1,14,1,0,0,1,0,0,3,30,0.9,0.02,0.92,0.24,2
23,348,235826,13,false,4,3,0,0,0,0,0,0,0,0,0,0,0,0,0,0,0,0
23,331,243526,13,false,2,3,90,1,2,0,0,0,0,1,0,0,9,0,0,0,2.19,5
23,345,248056,13,false,3,3,72,1,5,0,1,0,0,1,0,0,18,0.53,0.01,0.54,0.87,8
23,337,427637,13,false,3,3,28,0,1,0,0,0,0,1,0,0,5,0,0,0,1.95,0
23,385,432720,13,false,1,3,90,1,3,0,0,0,0,1,4,0,18,0,0,0,2.19,0
23,327,434752,13,false,2,3,29,0,1,0,0,0,0,1,0,0,1,0,0,0,1.95,4
23,336,435997,13,false,3,3,61,1,3,0,0,0,1,0,0,0,9,0,0.01,0.01,0.24,0
23,641,437497,13,false,2,3,0,0,0,0,0,0,0,0,0,0,0,0,0,0,0,0
23,333,437738,13,false,2,3,0,0,0,0,0,0,0,0,0,0,0,0,0,0,0,0
23,335,466525,13,false,3,3,90,1,2,0,0,0,0,1,0,0,7,0.32,0.1,0.42,2.19,6
23,344,486520,13,false,3,3,0,0,0,0,0,0,0,0,0,0,0,0,0,0,0,0
23,341,492859,13,false,3,3,0,0,0,0,0,0,0,0,0,0,0,0,0,0,0,0
23,334,522047,13,false,2,3,90,1,4,0,0,0,0,1,0,0,10,0,0.01,0.01,2.19,13
23,349,565297,13,false,4,3,0,0,0,0,0,0,0,0,0,0,0,0,0,0,0,0
23,648,587982,13,false,3,3,0,0,0,0,0,0,0,0,0,0,0,0,0,0,0,0
23,604,592740,13,false,3,3,0,0,0,0,0,0,0,0,0,0,0,0,0,0,0,0
23,603,643970,13,false,2,3,0,0,0,0,0,0,0,0,0,0,0,0,0,0,0,0
24,212,108413,8,false,3,3,16,0,1,0,0,0,0,0,0,0,3,0,0,0,0.57,3
24,199,121709,8,false,1,3,0,0,0,0,0,0,0,0,0,0,0,0,0,0,0,0
24,213,152551,8,false,3,3,0,0,0,0,0,0,0,0,0,0,0,0,0,0,0,0
24,555,169593,8,false,1,3,0,0,0,0,0,0,0,0,0,0,0,0,0,0,0,0
24,198,172649,8,false,1,3,90,1,2,0,0,0,0,2,5,0,19,0,0,0,3.14,0
24,643,172850,8,false,2,3,16,0,7,1,0,0,0,0,0,0,20,0.15,0,0.15,0.57,0
24,224,205533,8,false,4,3,45,1,4,0,1,0,0,2,0,0,16,0.14,0,0.14,1.6,2
24,214,209400,8,false,3,3,88,1,5,0,1,0,0,2,0,0,21,0,0.01,0.01,3.01,4
24,205,218364,8,false,2,3,0,0,0,0,0,0,0,0,0,0,0,0,0,0,0,0
24,153,220362,8,false,2,3,90,1,3,0,0,0,0,2,0,0,14,0,0.04,0.04,3.14,13
24,577,223723,8,false,2,3,0,0,0,0,0,0,0,0,0,0,0,0,0,0,0,0
24,223,231747,8,false,4,3,0,0,0,0,0,0,0,0,0,0,0,0,0,0,0,0
24,208,232185,8,false,3,3,0,0,0,0,0,0,0,0,0,0,0,0,0,0,0,0
24,207,242313,8,false,2,3,1,0,1,0,0,0,0,0,0,0,4,0,0,0,0.13,1
24,204,244723,8,false,2,3,73,1,15,2,0,0,0,2,0,2,31,0.66,0.01,0.67,2.57,6
24,222,247412,8,false,4,3,45,0,1,0,0,0,0,0,0,0,4,0,0,0,1.54,4
24,202,427623,8,false,2,3,90,1,1,0,0,0,0,2,0,0,8,0.04,0,0.04,3.14,9
24,241,433154,8,false,3,3,0,0,0,0,0,0,0,0,0,0,0,0,0,0,0,0
24,218,438464,8,false,3,3,0,0,0,0,0,0,0,0,0,0,0,0,0,0,0,0
24,644,450063,8,false,3,3,73,1,2,0,0,0,0,2,0,0,8,0.02,0,0.02,2.57,6
24,219,450542,8,false,3,3,0,0,0,0,0,0,0,0,0,0,0,0,0,0,0,0
24,42,485337,8,false,3,3,0,0,0,0,0,0,0,0,0,0,0,0,0,0,0,0
24,211,488024,8,false,3,3,88,1,5,0,1,0,0,2,0,0,25,0.25,0.3,0.55,3.01,5
24,215,489706,8,false,3,3,0,0,0,0,0,0,0,0,0,0,0,0,0,0,0,0
24,210,496221,8,false,3,3,90,1,2,0,0,0,0,2,0,0,10,0,0.01,0.01,3.14,8
24,206,515621,8,false,2,3,0,0,0,0,0,0,0,0,0,0,0,0,0,0,0,0
24,647,533646,8,false,3,3,1,0,1,0,0,0,0,0,0,0,2,0,0,0,0.13,1
24,217,536694,8,false,3,3,0,0,0,0,0,0,0,0,0,0,0,0,0,0,0,0
24,595,559152,8,false,3,3,0,0,0,0,0,0,0,0,0,0,0,0,0,0,0,0
24,588,570794,8,false,2,3,90,1,3,0,0,0,0,2,0,0,6,0.72,0.01,0.73,3.14,10
24,220,590014,8,false,2,3,0,0,0,0,0,0,0,0,0,0,0,0,0,0,0,0
24,633,605972,8,false,2,3,0,0,0,0,0,0,0,0,0,0,0,0,0,0,0,0
24,216,606921,8,false,3,3,0,0,0,0,0,0,0,0,0,0,0,0,0,0,0,0
24,203,651426,8,false,2,3,90,1,1,0,0,0,0,2,0,0,4,0,0,0,3.14,9
24,225,660392,8,false,4,3,0,0,0,0,0,0,0,0,0,0,0,0,0,0,0,0
24,221,672492,8,false,3,3,0,0,0,0,0,0,0,0,0,0,0,0,0,0,0,0
24,266,76357,10,true,3,3,0,0,0,0,0,0,0,0,0,0,0,0,0,0,0,0
24,250,80201,10,true,1,3,90,1,1,0,0,0,0,3,2,0,8,0,0,0,1.97,0
24,251,86873,10,true,1,3,0,0,0,0,0,0,0,0,0,0,0,0,0,0,0,0
24,261,153133,10,true,3,3,82,1,2,0,0,0,0,3,0,0,15,0.04,0.26,0.3,1.97,4
24,270,153366,10,true,3,3,0,0,0,0,0,0,0,0,0,0,0,0,0,0,0,0
24,258,166477,10,true,2,3,90,1,1,0,0,0,0,3,0,0,-1,0.58,0.19,0.77,1.97,7
24,256,167074,10,true,2,3,0,0,0,0,0,0,0,0,0,0,0,0,0,0,0,0
24,254,169528,10,true,2,3,78,1,1,0,0,0,0,3,0,0,7,0.08,0.1,0.18,1.97,5
24,253,174874,10,true,2,3,90,1,1,0,0,0,0,3,0,0,8,0,0.06,0.06,1.97,7
24,269,184349,10,true,2,3,11,0,1,0,0,0,0,0,0,0,3,0.08,0.32,0.4,0,1
24,265,207189,10,true,3,3,29,0,1,0,0,0,0,1,0,0,9,0,0.1,0.1,0.84,2
24,262,209289,10,true,3,3,11,0,1,0,0,0,0,0,0,0,3,0,0,0,0,0
24,257,232892,10,true,2,3,90,1,1,0,0,0,0,3,0,0,2,0,0.04,0.04,1.97,2
24,271,244042,10,true,4,3,7,0,1,0,0,0,0,0,0,0,5,0.38,0,0.38,0,0
24,255,246301,10,true,2,3,0,0,0,0,0,0,0,0,0,0,0,0,0,0,0,0
24,650,442299,10,true,2,3,0,0,0,0,0,0,0,0,0,0,0,0,0,0,0,0
24,580,463210,10,true,3,3,78,1,2,0,0,0,0,3,0,0,18,0,0.09,0.09,1.97,11
24,264,477555,10,true,3,3,78,1,2,0,0,0,0,3,0,0,17,0.32,0.65,0.97,1.97,4
24,636,500033,10,true,3,3,0,0,0,0,0,0,0,0,0,0,0,0,0,0,0,0
24,252,505079,10,true,1,3,0,0,0,0,0,0,0,0,0,0,0,0,0,0,0,0
24,610,547686,10,true,2,3,0,0,0,0,0,0,0,0,0,0,0,0,0,0,0,0
24,635,551050,10,true,3,3,11,0,1,0,0,0,0,0,0,0,3,0.13,0.22,0.35,0,1
24,569,551466,10,true,4,3,90,1,2,0,0,0,0,3,0,0,10,0.44,0.2,0.64,1.97,7
24,263,560552,10,true,3,3,0,0,0,0,0,0,0,0,0,0,0,0,0,0,0,0
24,570,571779,10,true,3,3,60,1,8,1,0,0,0,2,0,1,27,0.8,0.02,0.82,1.14,0
24,268,577725,10,true,3,3,90,1,10,1,0,0,0,3,0,3,38,0.31,0.27,0.58,1.97,7
24,626,616069,10,true,3,3,0,0,0,0,0,0,0,0,0,0,0,0,0,0,0,0
24,272,631786,10,true,4,3,0,0,0,0,0,0,0,0,0,0,0,0,0,0,0,0
25,29,72147,2,false,1,3,0,0,0,0,0,0,0,0,0,0,0,0,0,0,0,0
25,46,88894,2,false,3,3,90,1,3,0,0,0,1,0,0,0,15,0.22,0.09,0.31,0.57,6
25,30,101188,2,false,2,3,0,0,0,0,0,0,0,0,0,0,0,0,0,0,0,0
25,618,119090,2,false,3,3,0,0,0,0,0,0,0,0,0,0,0,0,0,0,0,0
25,45,122806,2,false,3,3,90,1,3,0,0,0,1,0,0,0,6,0.68,0.03,0.71,0.57,5
25,33,149484,2,false,2,3,90,1,6,0,0,0,1,0,0,0,28,0.11,0.02,0.13,0.57,5
25,56,173879,2,false,4,3,5,0,1,0,0,0,0,0,0,0,3,0,0,0,0.35,1
25,55,178301,2,false,4,3,0,0,0,0,0,0,0,0,0,0,0,0,0,0,0,0
25,37,184667,2,false,2,3,90,1,6,0,0,0,1,0,0,0,28,0,0.08,0.08,0.57,4
25,41,195546,2,false,3,3,74,1,3,0,0,0,1,0,0,0,2,0.61,0.05,0.66,0.22,2
25,32,199796,2,false,2,3,84,1,6,0,0,0,1,0,0,0,23,0,0.03,0.03,0.22,1
25,611,214590,2,false,2,3,5,0,1,0,0,0,0,0,0,0,3,0,0,0,0.35,1
25,44,215711,2,false,3,3,0,0,0,0,0,0,0,0,0,0,0,0,0,0,0,0
25,47,226944,2,false,3,3,90,1,3,0,0,0,1,0,0,0,20,0,0.07,0.07,0.57,10
25,34,244954,2,false,2,3,0,0,0,0,0,0,0,0,0,0,0,0,0,0,0,0
25,630,245719,2,false,2,3,0,0,0,0,0,0,0,0,0,0,0,0,0,0,0,0
25,597,433969,2,false,1,3,90,1,10,0,0,0,1,0,4,3,38,0,0,0,0.57,0
25,36,441302,2,false,2,3,74,1,7,0,0,0,1,0,0,1,29,0,0.42,0.42,0.22,3
25,54,448089,2,false,3,3,0,0,0,0,0,0,0,0,0,0,0,0,0,0,0,0
25,48,449871,2,false,3,3,0,0,0,0,0,0,0,0,0,0,0,0,0,0,0,0
25,49,469247,2,false,3,3,0,0,0,0,0,0,0,0,0,0,0,0,0,0,0,0
25,596,487992,2,false,2,3,15,0,1,0,0,0,0,0,0,0,3,0,0.01,0.01,0.35,1
25,160,493105,2,false,3,3,15,0,1,0,0,0,0,0,0,0,4,0,0,0,0.35,0
25,35,515597,2,false,3,3,0,0,0,0,0,0,0,0,0,0,0,0,0,0,0,0
25,166,517052,2,false,4,3,84,1,2,0,0,0,1,0,0,0,10,0.24,0.44,0.68,0.22,2
25,606,569577,2,false,2,3,0,0,0,0,0,0,0,0,0,0,0,0,0,0,0,0
25,607,571380,2,false,3,3,0,0,0,0,0,0,0,0,0,0,0,0,0,0,0,0
25,51,577285,2,false,3,3,74,1,3,0,0,0,1,0,0,0,12,0.07,0.14,0.21,0.22,7
25,39,578545,2,false,2,3,0,0,0,0,0,0,0,0,0,0,0,0,0,0,0,0
25,38,606798,2,false,2,3,0,0,0,0,0,0,0,0,0,0,0,0,0,0,0,0
25,53,614071,2,false,3,3,0,0,0,0,0,0,0,0,0,0,0,0,0,0,0,0
25,631,638987,2,false,3,3,0,0,0,0,0,0,0,0,0,0,0,0,0,0,0,0
25,50,645618,2,false,3,3,0,0,0,0,0,0,0,0,0,0,0,0,0,0,0,0
25,52,653481,2,false,3,3,15,0,1,0,0,0,0,0,0,0,3,0,0,0,0.35,1
25,582,690838,2,false,4,3,0,0,0,0,0,0,0,0,0,0,0,0,0,0,0,0
25,289,101282,11,true,3,3,0,0,0,0,0,0,0,0,0,0,0,0,0,0,0,0
25,274,105666,11,true,1,3,0,0,0,0,0,0,0,0,0,0,0,0,0,0,0,0
25,277,108416,11,true,2,3,90,1,6,0,0,0,1,0,0,0,18,0,0,0,1.93,7
25,279,146426,11,true,2,3,90,1,5,0,0,0,1,0,0,0,17,0,0,0,1.93,6
25,285,160817,11,true,2,3,0,0,0,0,0,0,0,0,0,0,0,0,0,0,0,0
25,273,167825,11,true,1,3,0,0,0,0,0,0,0,0,0,0,0,0,0,0,0,0
25,556,169359,11,true,2,3,0,0,0,0,0,0,0,0,0,0,0,0,0,0,0,0
25,295,169432,11,true,4,3,90,1,2,0,0,0,1,0,0,0,2,0.38,0.05,0.43,1.93,3
25,288,171270,11,true,3,3,0,0,0,0,0,0,0,0,0,0,0,0,0,0,0,0
25,280,193278,11,true,2,3,63,1,6,0,0,0,1,0,0,0,19,0,0.01,0.01,1.81,0
25,292,208481,11,true,3,3,0,0,0,0,0,0,0,0,0,0,0,0,0,0,0,0
25,296,213292,11,true,3,3,0,0,0,0,0,0,0,0,0,0,0,0,0,0,0,0
25,282,232351,11,true,2,3,90,1,8,0,0,0,1,0,0,2,30,0,0.04,0.04,1.93,4
25,287,232905,11,true,3,3,0,0,0,0,0,0,0,0,0,0,0,0,0,0,0,0
25,290,243413,11,true,3,3,90,1,3,0,0,0,1,0,0,0,10,0.04,0.01,0.05,1.93,6
25,642,243951,11,true,3,3,27,0,1,0,0,0,0,0,0,0,5,0,0.04,0.04,0.12,1
25,281,433590,11,true,2,3,0,0,0,0,0,0,0,0,0,0,0,0,0,0,0,0
25,276,444307,11,true,1,3,0,0,0,0,0,0,0,0,0,0,0,0,0,0,0,0
25,563,445028,11,true,3,3,0,0,0,0,0,0,0,0,0,0,0,0,0,0,0,0
25,283,449428,11,true,2,3,0,0,0,0,0,0,0,0,0,0,0,0,0,0,0,0
25,340,462635,11,true,3,3,0,0,0,0,0,0,0,0,0,0,0,0,0,0,0,0
25,291,465525,11,true,3,3,0,0,0,0,0,0,0,0,0,0,0,0,0,0,0,0
25,589,469266,11,true,3,3,81,1,2,0,0,0,1,0,0,0,7,0,0.01,0.01,1.93,10
25,297,470294,11,true,3,3,0,0,0,0,0,0,0,0,0,0,0,0,0,0,0,0
25,572,473284,11,true,1,3,90,1,6,0,0,0,1,0,1,0,25,0,0,0,1.93,0
25,240,490094,11,true,3,3,0,0,0,0,0,0,0,0,0,0,0,0,0,0,0,0
25,293,490161,11,true,3,3,0,0,0,0,0,0,0,0,0,0,0,0,0,0,0,0
25,617,490884,11,true,3,3,8,0,1,0,0,0,0,0,0,0,5,0.05,0,0.05,0,0
25,275,494950,11,true,1,3,0,0,0,0,0,0,0,0,0,0,0,0,0,0,0,0
25,638,496181,11,true,2,3,26,0,1,0,0,0,0,0,0,0,3,0,0,0,0.12,1
25,298,500957,11,true,4,3,0,0,0,0,0,0,0,0,0,0,0,0,0,0,0,0
25,278,501902,11,true,2,3,0,0,0,0,0,0,0,0,0,0,0,0,0,0,0,0
25,299,534392,11,true,4,3,0,0,0,0,0,0,0,0,0,0,0,0,0,0,0,0
25,286,540324,11,true,3,3,81,1,5,0,0,0,1,0,0,0,15,0.03,0.01,0.04,1.93,12
25,574,552946,11,true,3,3,8,0,1,0,0,0,0,0,0,0,4,0,0,0,0,1
25,294,553783,11,true,3,3,0,0,0,0,0,0,0,0,0,0,0,0,0,0,0,0
25,585,597462,11,true,2,3,19,0,1,0,0,0,0,0,0,0,2,0,0,0,0.12,2
25,586,606930,11,true,2,3,70,1,8,0,0,0,1,0,0,0,22,0.03,0,0.03,1.81,10
25,576,608227,11,true,3,3,62,1,3,0,0,0,1,0,0,0,5,0.04,0.01,0.05,1.81,2
25,632,626751,11,true,4,3,0,0,0,0,0,0,0,0,0,0,0,0,0,0,0,0
25,637,631000,11,true,4,3,0,0,0,0,0,0,0,0,0,0,0,0,0,0,0,0
25,645,647839,11,true,3,3,0,0,0,0,0,0,0,0,0,0,0,0,0,0,0,0
25,284,661800,11,true,2,3,0,0,0,0,0,0,0,0,0,0,0,0,0,0,0,0
26,623,79602,7,false,1,3,0,0,0,0,0,0,0,0,0,0,0,0,0,0,0,0
26,178,80178,7,false,2,3,0,0,0,0,0,0,0,0,0,0,0,0,0,0,0,0
26,172,110690,7,false,1,3,0,0,0,0,0,0,0,0,0,0,0,0,0,0,0,0
26,184,168144,7,false,3,3,90,1,2,0,0,0,0,1,0,0,8,0.04,0,0.04,2.12,8
26,176,173878,7,false,2,3,84,1,2,0,0,0,0,1,0,0,10,0,0.08,0.08,2.12,7
26,193,176412,7,false,4,3,0,0,0,0,0,0,0,0,0,0,0,0,0,0,0,0
26,584,196100,7,false,3,3,5,0,1,0,0,0,0,0,0,0,1,0,0,0,0,2
26,179,204813,7,false,2,3,0,0,0,0,0,0,0,0,0,0,0,0,0,0,0,0
26,492,210156,7,false,4,3,70,1,2,0,0,0,0,1,0,0,6,0.31,0,0.31,1.17,5
26,195,218997,7,false,4,3,19,0,1,0,0,0,0,0,0,0,3,0.3,0,0.3,0.95,0
26,180,220583,7,false,2,3,0,0,0,0,0,0,0,0,0,0,0,0,0,0,0,0
26,188,226965,7,false,3,3,0,0,0,0,0,0,0,0,0,0,0,0,0,0,0,0
26,194,230730,7,false,4,3,19,0,1,0,0,0,0,0,0,0,6,0,0,0,0.95,3
26,91,231065,7,false,2,3,90,1,3,0,0,0,0,1,0,0,3,0.11,0,0.11,2.12,13
26,186,241293,7,false,3,3,70,1,2,0,0,0,0,1,0,0,4,0,0,0,1.17,5
26,104,428580,7,false,3,3,62,1,2,0,0,0,0,1,0,0,5,0,0,0,1.17,3
26,174,436761,7,false,2,3,0,0,0,0,0,0,0,0,0,0,0,0,0,0,0,0
26,187,439668,7,false,3,3,0,0,0,0,0,0,0,0,0,0,0,0,0,0,0,0
26,175,451284,7,false,2,3,90,1,3,0,0,0,0,1,0,0,5,0,0.06,0.06,2.12,11
26,173,461102,7,false,2,3,90,1,4,0,0,0,0,1,0,0,19,0.22,0.17,0.39,2.12,12
26,177,465390,7,false,2,3,0,0,0,0,0,0,0,0,0,0,0,0,0,0,0,0
26,190,469272,7,false,3,3,27,0,1,0,0,0,0,0,0,0,9,0.1,0.03,0.13,0.95,1
26,110,472739,7,false,1,3,90,1,2,0,0,0,0,1,2,0,13,0,0,0,2.12,0
26,183,480457,7,false,3,3,62,1,2,0,0,0,0,1,0,0,9,0.29,0.09,0.38,1.17,5
26,171,484389,7,false,1,3,0,0,0,0,0,0,0,0,0,0,0,0,0,0,0,0
26,191,492498,7,false,3,3,0,0,0,0,0,0,0,0,0,0,0,0,0,0,0,0
26,185,501459,7,false,3,3,0,0,0,0,0,0,0,0,0,0,0,0,0,0,0,0
26,182,539142,7,false,2,3,90,1,2,0,0,0,0,1,0,0,4,0,0.34,0.34,2.12,3
26,197,549653,7,false,4,3,0,0,0,0,0,0,0,0,0,0,0,0,0,0,0,0
26,196,551262,7,false,4,3,0,0,0,0,0,0,0,0,0,0,0,0,0,0,0,0
26,181,577411,7,false,2,3,0,0,0,0,0,0,0,0,0,0,0,0,0,0,0,0
26,599,627221,7,false,4,3,0,0,0,0,0,0,0,0,0,0,0,0,0,0,0,0
26,192,629397,7,false,3,3,0,0,0,0,0,0,0,0,0,0,0,0,0,0,0,0
26,575,661888,7,false,3,3,27,0,1,0,0,0,0,0,0,0,4,0,0,0,0.95,6
26,189,684268,7,false,3,3,0,0,0,0,0,0,0,0,0,0,0,0,0,0,0,0
26,406,91651,15,true,3,3,0,0,0,0,0,0,0,0,0,0,0,0,0,0,0,0
26,587,106921,15,true,1,3,0,0,0,0,0,0,0,0,0,0,0,0,0,0,0,0
26,386,122074,15,true,1,3,0,0,0,0,0,0,0,0,0,0,0,0,0,0,0,0
26,408,155405,15,true,3,3,0,0,0,0,0,0,0,0,0,0,0,0,0,0,0,0
26,390,171314,15,true,2,3,90,1,6,0,0,0,1,0,0,0,25,0,0.03,0.03,1.37,3
26,384,204936,15,true,1,3,90,1,7,0,0,0,1,0,3,0,29,0,0,0,1.37,0
26,388,209036,15,true,2,3,90,1,8,0,0,0,1,0,0,2,31,0,0.02,0.02,1.37,9
26,398,209244,15,true,3,3,24,0,1,0,0,0,0,0,0,0,3,0.62,0.01,0.63,0.5,1
26,481,215379,15,true,3,3,90,1,3,0,0,0,1,0,0,0,23,0.02,0.17,0.19,1.37,11
26,402,220566,15,true,3,3,0,0,0,0,0,0,0,0,0,0,0,0,0,0,0,0
26,411,223094,15,true,4,3,90,1,9,1,0,0,1,0,0,3,40,1.06,0.48,1.54,1.37,7
26,400,248875,15,true,3,3,0,0,0,0,0,0,0,0,0,0,0,0,0,0,0,0
26,404,433036,15,true,3,3,0,0,0,0,0,0,0,0,0,0,0,0,0,0,0,0
26,397,437730,15,true,3,3,90,1,6,0,1,0,1,0,0,0,26,0.05,0.34,0.39,1.37,4
26,237,440993,15,true,3,3,86,1,3,0,0,0,1,0,0,0,12,0.02,0.04,0.06,1.35,5
26,155,448047,15,true,3,3,75,1,3,0,0,0,1,0,0,0,17,0.13,0.12,0.25,1,3
26,392,448514,15,true,2,3,0,0,0,0,0,0,0,0,0,0,0,0,0,0,0,0
26,389,465351,15,true,2,3,0,0,0,0,0,0,0,0,0,0,0,0,0,0,0,0
26,399,466052,15,true,3,3,65,1,3,0,0,0,1,0,0,0,23,0.21,0.3,0.51,0.86,3
26,387,472769,15,true,2,3,0,0,0,0,0,0,0,0,0,0,0,0,0,0,0,0
26,395,477064,15,true,2,3,0,0,0,0,0,0,0,0,0,0,0,0,0,0,0,0
26,391,477424,15,true,2,3,90,1,8,0,0,0,1,0,0,2,31,0.01,0.02,0.03,1.37,8
26,394,494307,15,true,2,3,0,0,0,0,0,0,0,0,0,0,0,0,0,0,0,0
26,622,554054,15,true,2,3,0,0,0,0,0,0,0,0,0,0,0,0,0,0,0,0
26,407,575204,15,true,3,3,0,0,0,0,0,0,0,0,0,0,0,0,0,0,0,0
26,393,578153,15,true,2,3,90,1,5,0,0,0,1,0,0,0,22,0,0.02,0.02,1.37,6
26,409,590039,15,true,3,3,0,0,0,0,0,0,0,0,0,0,0,0,0,0,0,0
26,653,595480,15,true,3,3,0,0,0,0,0,0,0,0,0,0,0,0,0,0,0,0
26,396,616222,15,true,2,3,0,0,0,0,0,0,0,0,0,0,0,0,0,0,0,0
26,621,616288,15,true,3,3,3,0,1,0,0,0,0,0,0,0,5,0,0,0,0.02,4
26,628,624777,15,true,3,3,0,0,0,0,0,0,0,0,0,0,0,0,0,0,0,0
26,616,637238,15,true,3,3,14,0,1,0,0,0,0,0,0,0,5,0,0,0,0.37,5
26,410,649208,15,true,3,3,0,0,0,0,0,0,0,0,0,0,0,0,0,0,0,0
27,58,40383,3,false,1,3,0,0,0,0,0,0,0,0,0,0,0,0,0,0,0,0
27,64,54469,3,false,2,3,90,1,0,0,0,0,0,2,0,0,3,0.01,0.04,0.05,0.71,4
27,74,111317,3,false,3,3,14,0,1,0,0,0,0,1,0,0,2,0,0,0,0.23,0
27,71,155408,3,false,3,3,14,0,1,0,0,0,0,1,0,0,2,0,0,0,0.23,1
27,75,158499,3,false,3,3,1,0,1,0,0,0,0,0,0,0,3,0,0,0,0,0
27,80,168636,3,false,4,3,0,0,0,0,0,0,0,0,0,0,0,0,0,0,0,0
27,73,200785,3,false,3,3,75,1,4,0,0,0,0,1,0,0,15,0,0.01,0.01,0.48,12
27,68,201658,3,false,3,3,88,1,10,1,0,0,0,2,0,3,43,1.01,0.05,1.06,0.66,9
27,70,222683,3,false,3,3,75,1,1,0,0,0,0,1,0,0,6,0.06,0.01,0.07,0.48,4
27,615,230650,3,false,1,3,0,0,0,0,0,0,0,0,0,0,0,0,0,0,0,0
27,62,242882,3,false,2,3,0,0,0,0,0,0,0,0,0,0,0,0,0,0,0,0
27,65,436893,3,false,2,3,0,0,0,0,0,0,0,0,0,0,0,0,0,0,0,0
27,79,444102,3,false,4,3,90,1,2,0,0,0,0,2,0,0,4,0.13,0.01,0.14,0.71,7
27,59,444172,3,false,1,3,0,0,0,0,0,0,0,0,0,0,0,0,0,0,0,0
27,57,457569,3,false,1,3,90,1,1,0,0,0,0,2,0,0,0,0,0,0,0.71,0
27,60,463981,3,false,2,3,90,1,1,0,0,0,0,2,0,0,4,0,0.02,0.02,0.71,6
27,566,483067,3,false,2,3,90,1,1,0,0,0,0,2,0,0,8,0.02,0.01,0.03,0.71,8
27,77,489888,3,false,3,3,0,0,0,0,0,0,0,0,0,0,0,0,0,0,0,0
27,61,494521,3,false,2,3,90,1,0,0,0,0,0,2,0,0,-3,0.01,0.06,0.07,0.71,6
27,573,494928,3,false,2,3,0,0,0,0,0,0,0,0,0,0,0,0,0,0,0,0
27,72,496208,3,false,3,3,1,0,1,0,0,0,0,0,0,0,3,0.02,0,0.02,0.05,2
27,67,499604,3,false,3,3,88,1,2,0,0,0,0,2,0,0,8,0.04,0.01,0.05,0.66,2
27,69,503139,3,false,3,3,90,1,10,0,2,0,0,2,0,2,37,0.07,0.02,0.09,0.71,11
27,608,523700,3,false,4,3,1,0,1,0,0,0,0,0,0,0,4,0,0,0,0.05,0
27,78,560262,3,false,3,3,0,0,0,0,0,0,0,0,0,0,0,0,0,0,0,0
27,81,561245,3,false,4,3,0,0,0,0,0,0,0,0,0,0,0,0,0,0,0,0
27,66,575901,3,false,2,3,0,0,0,0,0,0,0,0,0,0,0,0,0,0,0,0
27,76,614574,3,false,3,3,0,0,0,0,0,0,0,0,0,0,0,0,0,0,0,0
27,63,620487,3,false,2,3,0,0,0,0,0,0,0,0,0,0,0,0,0,0,0,0
27,448,78916,17,true,2,3,0,0,0,0,0,0,0,0,0,0,0,0,0,0,0,0
27,443,81441,17,true,1,3,0,0,0,0,0,0,0,0,0,0,0,0,0,0,0,0
27,442,98747,17,true,1,3,0,0,0,0,0,0,0,0,0,0,0,0,0,0,0,0
27,457,114243,17,true,3,3,13,0,1,0,0,0,0,0,0,0,5,0,0,0,0.04,1
27,446,119471,17,true,2,3,0,0,0,0,0,0,0,0,0,0,0,0,0,0,0,0
27,458,180974,17,true,3,3,0,0,0,0,0,0,0,0,0,0,0,0,0,0,0,0
27,460,200089,17,true,3,3,62,1,2,0,0,0,0,2,0,0,6,0.36,0.01,0.37,1.33,3
27,453,201666,17,true,3,3,90,1,12,1,1,0,0,2,0,2,37,0.11,0.03,0.14,1.37,6
27,464,216646,17,true,4,3,90,1,1,0,0,0,0,2,0,0,7,0,0.03,0.03,1.37,3
27,447,220237,17,true,2,3,90,1,1,0,0,0,0,2,0,0,3,0,0.16,0.16,1.37,9
27,456,232653,17,true,3,3,27,0,6,1,0,0,0,0,0,0,22,0.11,0.02,0.13,0.04,4
27,450,441191,17,true,2,3,1,0,1,0,0,0,0,0,0,0,3,0,0,0,0.02,0
27,454,449434,17,true,3,3,76,1,1,0,0,0,0,2,0,0,8,0,0.23,0.23,1.33,4
27,593,463726,17,true,2,3,90,1,1,0,0,0,0,2,0,0,3,0.11,0.02,0.13,1.37,1
27,445,465642,17,true,2,3,90,1,-1,0,0,1,0,2,0,0,0,0,0.05,0.05,1.37,3
27,405,465694,17,true,3,3,76,1,2,0,0,0,0,2,0,0,11,0,0.01,0.01,1.33,7
27,463,470313,17,true,4,3,0,0,0,0,0,0,0,0,0,0,0,0,0,0,0,0
27,567,470551,17,true,1,3,90,1,2,0,0,0,0,2,4,0,12,0,0,0,1.37,0
27,449,487838,17,true,2,3,89,1,4,0,1,0,0,2,0,0,20,0.01,0.01,0.02,1.35,6
27,465,538207,17,true,4,3,0,0,0,0,0,0,0,0,0,0,0,0,0,0,0,0
27,451,545477,17,true,2,3,0,0,0,0,0,0,0,0,0,0,0,0,0,0,0,0
27,459,547719,17,true,3,3,62,1,2,0,0,0,0,2,0,0,11,0,0.02,0.02,1.33,4
27,609,553746,17,true,2,3,0,0,0,0,0,0,0,0,0,0,0,0,0,0,0,0
27,444,554578,17,true,1,3,0,0,0,0,0,0,0,0,0,0,0,0,0,0,0,0
27,466,599303,17,true,4,3,0,0,0,0,0,0,0,0,0,0,0,0,0,0,0,0
27,461,611665,17,true,3,3,0,0,0,0,0,0,0,0,0,0,0,0,0,0,0,0
27,634,613221,17,true,4,3,27,0,1,0,0,0,0,0,0,0,4,0,0,0,0.04,1
27,559,632794,17,true,3,3,0,0,0,0,0,0,0,0,0,0,0,0,0,0,0,0
27,462,636852,17,true,3,3,13,0,1,0,0,0,0,0,0,0,3,0,0,0,0.04,2
28,490,60689,18,true,4,3,16,0,1,0,0,0,0,0,0,0,3,0,0,0,0.18,0
28,467,85633,18,true,1,3,90,1,6,0,0,0,1,0,0,0,21,0,0,0,1.06,0
28,473,159506,18,true,2,3,58,1,1,0,0,0,0,0,0,0,8,0,0,0,0.81,7
28,558,204561,18,true,3,3,90,1,3,0,0,0,1,0,0,0,18,0.03,0.06,0.09,1.06,10
28,476,204822,18,true,2,3,0,0,0,0,0,0,0,0,0,0,0,0,0,0,0,0
28,489,204968,18,true,3,3,0,0,0,0,0,0,0,0,0,0,0,0,0,0,0,0
28,482,209046,18,true,3,3,0,0,0,0,0,0,0,0,0,0,0,0,0,0,0,0
28,488,210462,18,true,3,3,0,0,0,0,0,0,0,0,0,0,0,0,0,0,0,0
28,469,215136,18,true,2,3,90,1,7,0,0,0,1,0,0,1,28,0,0.07,0.07,1.06,6
28,468,221389,18,true,1,3,0,0,0,0,0,0,0,0,0,0,0,0,0,0,0,0
28,480,222531,18,true,3,3,90,1,3,0,0,0,1,0,0,0,3,0.48,0.01,0.49,1.06,7
28,471,227444,18,true,2,3,90,1,7,0,0,0,1,0,0,0,27,0,0.01,0.01,1.06,11
28,201,247348,18,true,2,3,31,0,1,0,0,0,0,0,0,0,5,0.03,0,0.03,0.26,1
28,487,250199,18,true,3,3,0,0,0,0,0,0,0,0,0,0,0,0,0,0,0,0
28,590,428971,18,true,1,3,0,0,0,0,0,0,0,0,0,0,0,0,0,0,0,0
28,486,432714,18,true,3,3,90,1,2,0,0,0,1,0,0,0,22,0.13,0.22,0.35,1.06,7
28,483,456512,18,true,3,3,58,1,1,0,0,0,0,0,0,0,5,0,0,0,0.81,5
28,167,463034,18,true,4,3,73,1,2,0,0,0,1,0,0,0,6,0.06,0.06,0.12,0.89,5
28,493,465680,18,true,4,3,0,0,0,0,0,0,0,0,0,0,0,0,0,0,0,0
28,478,470315,18,true,2,3,0,0,0,0,0,0,0,0,0,0,0,0,0,0,0,0
28,485,476887,18,true,3,3,0,0,0,0,0,0,0,0,0,0,0,0,0,0,0,0
28,491,482973,18,true,4,3,31,0,1,0,0,0,0,0,0,0,3,0,0,0,0.26,1
28,470,485047,18,true,2,3,0,0,0,0,0,0,0,0,0,0,0,0,0,0,0,0
28,475,500151,18,true,2,3,0,0,0,0,0,0,0,0,0,0,0,0,0,0,0,0
28,484,503301,18,true,3,3,0,0,0,0,0,0,0,0,0,0,0,0,0,0,0,0
28,479,538638,18,true,2,3,0,0,0,0,0,0,0,0,0,0,0,0,0,0,0,0
28,477,549067,18,true,2,3,0,0,0,0,0,0,0,0,0,0,0,0,0,0,0,0
28,581,568420,18,true,2,3,1,0,1,0,0,0,0,0,0,0,3,0,0,0,0,0
28,474,575458,18,true,2,3,90,1,8,0,0,0,1,0,0,0,24,0.03,0.01,0.04,1.06,12
28,472,575476,18,true,2,3,89,1,8,0,0,0,1,0,0,0,25,0.17,0,0.17,1.06,10
28,497,67089,19,false,1,3,0,0,0,0,0,0,0,0,0,0,0,0,0,0,0,0
28,147,109646,19,false,2,3,0,0,0,0,0,0,0,0,0,0,0,0,0,0,0,0
28,508,115556,19,false,2,3,0,0,0,0,0,0,0,0,0,0,0,0,0,0,0,0
28,502,122798,19,false,2,3,29,0,1,0,0,0,0,0,0,0,3,0,0,0,0.43,1
28,526,154566,19,false,4,3,6,0,1,0,0,0,0,0,0,0,-1,0.17,0,0.17,0.04,1
28,515,172780,19,false,3,3,0,0,0,0,0,0,0,0,0,0,0,0,0,0,0,0
28,494,184254,19,false,1,3,0,0,0,0,0,0,0,0,0,0,0,0,0,0,0,0
28,516,202993,19,false,3,3,90,1,5,0,0,0,1,0,0,0,14,0.02,0.01,0.03,0.92,17
28,527,212319,19,false,4,3,0,0,0,0,0,0,0,0,0,0,0,0,0,0,0,0
28,495,214572,19,false,1,3,0,0,0,0,0,0,0,0,0,0,0,0,0,0,0,0
28,498,221466,19,false,2,3,0,0,0,0,0,0,0,0,0,0,0,0,0,0,0,0
28,500,221632,19,false,2,3,0,0,0,0,0,0,0,0,0,0,0,0,0,0,0,0
28,519,232787,19,false,3,3,83,1,3,0,0,0,1,0,0,0,23,0,0.06,0.06,0.88,11
28,505,232859,19,false,2,3,0,0,0,0,0,0,0,0,0,0,0,0,0,0,0,0
28,455,432422,19,false,3,3,90,1,5,0,0,0,1,0,0,0,22,0,0.01,0.01,0.92,12
28,401,438234,19,false,4,3,83,1,2,0,0,0,1,0,0,0,6,0.17,0.01,0.18,0.88,0
28,499,441164,19,false,2,3,90,1,7,0,0,0,1,0,0,1,28,0.03,0.06,0.09,0.92,4
28,521,445044,19,false,3,3,0,0,0,0,0,0,0,0,0,0,0,0,0,0,0,0
28,512,460842,19,false,3,3,29,0,1,0,0,0,0,0,0,0,13,0,0.16,0.16,0.43,3
28,578,465920,19,false,3,3,16,0,1,0,0,0,0,0,0,0,3,0,0,0,0.16,0
28,112,469142,19,false,2,3,90,1,8,0,0,0,1,0,0,2,29,0.09,0.01,0.1,0.92,4
28,518,482442,19,false,3,3,0,0,0,0,0,0,0,0,0,0,0,0,0,0,0,0
28,496,485055,19,false,1,3,90,1,6,0,0,0,1,0,1,0,24,0,0,0,0.92,0
28,506,487053,19,false,2,3,60,1,5,0,0,0,1,0,0,0,16,0,0.02,0.02,0.49,3
28,528,490145,19,false,4,3,0,0,0,0,0,0,0,0,0,0,0,0,0,0,0,0
28,503,491279,19,false,2,3,90,1,9,0,0,0,1,0,0,3,30,0.57,0,0.57,0.92,9
28,513,493362,19,false,3,3,0,0,0,0,0,0,0,0,0,0,0,0,0,0,0,0
28,510,499716,19,false,2,3,0,0,0,0,0,0,0,0,0,0,0,0,0,0,0,0
28,523,499721,19,false,3,3,0,0,0,0,0,0,0,0,0,0,0,0,0,0,0,0
28,524,499726,19,false,3,3,0,0,0,0,0,0,0,0,0,0,0,0,0,0,0,0
28,403,510281,19,false,3,3,60,1,3,0,0,0,1,0,0,0,15,0.02,0.27,0.29,0.49,0
28,514,511499,19,false,3,3,73,1,3,0,0,0,1,0,0,0,11,0,0.05,0.05,0.76,2
28,522,547701,19,false,3,3,0,0,0,0,0,0,0,0,0,0,0,0,0,0,0,0
28,507,548308,19,false,2,3,0,0,0,0,0,0,0,0,0,0,0,0,0,0,0,0
28,517,550839,19,false,3,3,0,0,0,0,0,0,0,0,0,0,0,0,0,0,0,0
28,525,551226,19,false,3,3,7,0,0,0,0,0,0,0,0,0,-1,0,0,0,0.04,0
28,520,570526,19,false,3,3,0,0,0,0,0,0,0,0,0,0,0,0,0,0,0,0
28,601,611917,19,false,3,3,0,0,0,0,0,0,0,0,0,0,0,0,0,0,0,0
28,511,616221,19,false,2,3,0,0,0,0,0,0,0,0,0,0,0,0,0,0,0,0
28,509,640419,19,false,2,3,0,0,0,0,0,0,0,0,0,0,0,0,0,0,0,0
29,2,109745,1,true,1,3,0,0,0,0,0,0,0,0,0,0,0,0,0,0,0,0
29,1,154561,1,true,1,3,90,1,3,0,0,0,0,1,4,0,15,0,0.01,0.01,0.39,0
29,15,184029,1,true,3,3,76,1,10,1,0,0,0,1,0,3,47,0.72,0.88,1.6,0.27,3
29,17,195384,1,true,3,3,13,0,0,0,0,0,0,0,0,0,0,0,0,0,0.11,0
29,10,198869,1,true,2,3,90,1,2,0,0,0,0,1,0,0,11,0,0.03,0.03,0.39,6
29,31,199798,1,true,2,3,90,1,4,0,0,0,0,1,0,0,15,0,0.01,0.01,0.39,10
29,24,200641,1,true,3,3,0,0,0,0,0,0,0,0,0,0,0,0,0,0,0,0
29,13,204480,1,true,3,3,90,1,5,0,1,0,0,1,0,0,22,0.03,0.08,0.11,0.39,6
29,27,205651,1,true,4,3,0,0,0,0,0,0,0,0,0,0,0,0,0,0,0,0
29,452,208706,1,true,3,3,0,0,0,0,0,0,0,0,0,0,0,0,0,0,0,0
29,26,219847,1,true,4,3,77,1,8,1,0,0,0,1,0,2,38,0.27,0.27,0.54,0.27,1
29,12,223340,1,true,3,3,89,1,2,0,0,0,0,1,0,0,13,0.23,0.23,0.46,0.39,4
29,25,224117,1,true,4,3,12,0,1,0,0,0,0,0,0,0,2,0,0,0,0.11,1
29,4,226597,1,true,2,3,90,1,2,0,0,0,0,1,0,0,10,0.31,0.02,0.33,0.39,7
29,14,232413,1,true,3,3,0,0,0,0,0,0,0,0,0,0,0,0,0,0,0,0
29,16,248857,1,true,3,3,1,0,1,0,0,0,0,0,0,0,3,0,0.01,0.01,0,1
29,3,437495,1,true,1,3,0,0,0,0,0,0,0,0,0,0,0,0,0,0,0,0
29,23,438098,1,true,3,3,0,0,0,0,0,0,0,0,0,0,0,0,0,0,0,0
29,557,439509,1,true,3,3,90,1,5,0,1,0,0,1,0,1,31,0,0.2,0.2,0.39,8
29,18,444145,1,true,3,3,0,0,0,0,0,0,0,0,0,0,0,0,0,0,0,0
29,5,445122,1,true,2,3,0,0,0,0,0,0,0,0,0,0,0,0,0,0,0,0
29,9,448104,1,true,2,3,23,0,1,0,0,0,0,0,0,0,3,0,0,0,0.13,3
29,6,462424,1,true,2,3,0,0,0,0,0,0,0,0,0,0,0,0,0,0,0,0
29,8,466075,1,true,2,3,66,1,2,0,0,0,0,1,0,0,0,0.39,0.03,0.42,0.26,1
29,19,481655,1,true,3,3,23,0,1,0,0,0,0,0,0,0,1,0.08,0.02,0.1,0.13,4
29,7,499169,1,true,3,3,66,1,2,0,0,0,0,1,0,0,5,0.03,0.1,0.13,0.26,2
29,22,499175,1,true,3,3,0,0,0,0,0,0,0,0,0,0,0,0,0,0,0,0
29,11,500040,1,true,2,3,0,0,0,0,0,0,0,0,0,0,0,0,0,0,0,0
29,20,616077,1,true,3,3,0,0,0,0,0,0,0,0,0,0,0,0,0,0,0,0
29,136,50175,6,false,4,3,3,0,1,0,0,0,0,0,0,0,3,0,0,0,0,0
29,101,56979,6,false,3,3,0,0,0,0,0,0,0,0,0,0,0,0,0,0,0,0
29,28,98980,6,false,1,3,90,1,3,0,0,0,0,2,8,0,26,0,0,0,2.05,0
29,143,180736,6,false,2,3,0,0,0,0,0,0,0,0,0,0,0,0,0,0,0,0
29,140,215059,6,false,1,3,0,0,0,0,0,0,0,0,0,0,0,0,0,0,0,0
29,142,225796,6,false,2,3,90,1,1,0,0,0,0,2,0,0,9,0.07,0.05,0.12,2.05,3
29,146,242880,6,false,2,3,0,0,0,0,0,0,0,0,0,0,0,0,0,0,0,0
29,40,244850,6,false,3,3,86,1,6,1,0,0,0,2,0,0,22,0.08,0.03,0.11,2.05,5
29,154,244851,6,false,3,3,90,1,1,0,0,0,0,2,0,0,11,0.11,0.04,0.15,2.05,3
29,156,247632,6,false,3,3,80,1,2,0,0,0,0,2,0,0,10,0.03,0.03,0.06,2.05,7
29,200,437499,6,false,2,3,90,1,2,0,0,0,0,2,0,0,3,0,0.01,0.01,2.05,11
29,145,444463,6,false,2,3,90,1,3,0,0,0,0,2,0,0,16,0,0.04,0.04,2.05,17
29,149,460028,6,false,2,3,0,0,0,0,0,0,0,0,0,0,0,0,0,0,0,0
29,158,463936,6,false,3,3,0,0,0,0,0,0,0,0,0,0,0,0,0,0,0,0
29,165,475168,6,false,4,3,90,1,1,0,0,0,0,2,0,0,8,0.02,0.05,0.07,2.05,1
29,144,482609,6,false,2,3,30,0,1,0,0,0,0,0,0,0,4,0.04,0.01,0.05,0.14,2
29,159,486672,6,false,3,3,0,0,0,0,0,0,0,0,0,0,0,0,0,0,0,0
29,163,491007,6,false,3,3,0,0,0,0,0,0,0,0,0,0,0,0,0,0,0,0
29,583,498444,6,false,2,3,30,0,1,0,0,0,0,0,0,0,2,0,0,0,0.14,2
29,168,499309,6,false,4,3,0,0,0,0,0,0,0,0,0,0,0,0,0,0,0,0
29,170,503037,6,false,4,3,0,0,0,0,0,0,0,0,0,0,0,0,0,0,0,0
29,141,508479,6,false,1,3,0,0,0,0,0,0,0,0,0,0,0,0,0,0,0,0
29,161,514356,6,false,3,3,59,1,1,0,0,0,0,2,0,0,7,0,0.01,0.01,1.91,6
29,568,543158,6,false,3,3,0,0,0,0,0,0,0,0,0,0,0,0,0,0,0,0
29,560,549939,6,false,1,3,0,0,0,0,0,0,0,0,0,0,0,0,0,0,0,0
29,148,551210,6,false,2,3,59,1,3,0,1,0,0,2,0,0,5,0,0.02,0.02,1.91,6
29,169,567119,6,false,4,3,0,0,0,0,0,0,0,0,0,0,0,0,0,0,0,0
29,150,574458,6,false,2,3,0,0,0,0,0,0,0,0,0,0,0,0,0,0,0,0
29,151,577016,6,false,2,3,90,1,1,0,0,0,0,2,0,0,-3,0,0.01,0.01,2.05,1
29,164,593117,6,false,3,3,0,0,0,0,0,0,0,0,0,0,0,0,0,0,0,0
29,152,620109,6,false,2,3,0,0,0,0,0,0,0,0,0,0,0,0,0,0,0,0
29,561,622758,6,false,2,3,0,0,0,0,0,0,0,0,0,0,0,0,0,0,0,0
29,157,624773,6,false,3,3,9,0,1,0,0,0,0,0,0,0,5,0.04,0,0.04,0,0
30,229,17761,9,true,2,3,90,1,3,0,0,0,0,2,0,0,11,0.02,0.01,0.03,0.69,12
30,231,106611,9,true,2,3,0,0,0,0,0,0,0,0,0,0,0,0,0,0,0,0
30,226,111234,9,true,1,3,90,1,1,0,0,0,0,2,1,0,6,0,0,0,0.69,0
30,238,114283,9,true,3,3,24,0,1,0,0,0,0,1,0,0,8,0.02,0.13,0.15,0.31,1
30,21,128295,9,true,3,3,0,0,0,0,0,0,0,0,0,0,0,0,0,0,0,0
30,228,138001,9,true,1,3,0,0,0,0,0,0,0,0,0,0,0,0,0,0,0,0
30,649,154043,9,true,2,3,13,0,7,1,0,0,0,1,0,0,13,0.03,0,0.03,0.29,0
30,236,215413,9,true,3,3,90,1,2,0,0,0,0,2,0,0,20,0.27,0.07,0.34,0.69,11
30,233,224967,9,true,2,3,90,1,1,0,0,0,0,2,0,0,8,0,0.01,0.01,0.69,6
30,227,229600,9,true,1,3,0,0,0,0,0,0,0,0,0,0,0,0,0,0,0,0
30,239,232928,9,true,3,3,76,1,2,0,0,0,0,1,0,0,19,0,0.08,0.08,0.4,8
30,209,242898,9,true,3,3,65,1,1,0,0,0,0,1,0,0,3,0.05,0.04,0.09,0.37,8
30,234,243571,9,true,2,3,0,0,0,0,0,0,0,0,0,0,0,0,0,0,0,0
30,247,244860,9,true,3,3,15,0,4,0,1,0,0,1,0,0,14,0.04,0.09,0.13,0.29,1
30,230,480455,9,true,2,3,90,1,3,0,0,0,0,2,0,0,10,0.08,0,0.08,0.69,11
30,248,486385,9,true,4,3,0,0,0,0,0,0,0,0,0,0,0,0,0,0,0,0
30,245,496661,9,true,3,3,0,0,0,0,0,0,0,0,0,0,0,0,0,0,0,0
30,235,499300,9,true,2,3,0,0,0,0,0,0,0,0,0,0,0,0,0,0,0,0
30,243,502697,9,true,3,3,0,0,0,0,0,0,0,0,0,0,0,0,0,0,0,0
30,232,512462,9,true,2,3,0,0,0,0,0,0,0,0,0,0,0,0,0,0,0,0
30,246,513466,9,true,3,3,74,1,1,0,0,0,0,1,0,0,10,0,0.13,0.13,0.4,6
30,242,550615,9,true,3,3,90,1,10,1,0,0,0,2,0,3,35,0.04,0.07,0.11,0.69,4
30,249,586309,9,true,4,3,90,1,2,0,0,0,0,2,0,0,7,0.38,0.02,0.4,0.69,4
30,244,609873,9,true,3,3,90,1,1,0,0,0,0,2,0,0,5,0.09,0.03,0.12,0.69,5
30,654,629068,9,true,3,3,0,0,0,0,0,0,0,0,0,0,0,0,0,0,0,0
30,414,21205,16,false,1,3,0,0,0,0,0,0,0,0,0,0,0,0,0,0,0,0
30,325,59735,16,false,1,3,0,0,0,0,0,0,0,0,0,0,0,0,0,0,0,0
30,418,95658,16,false,2,3,90,1,2,0,0,0,0,2,0,0,1,0,0.01,0.01,1.01,12
30,423,106760,16,false,2,3,90,1,4,0,1,0,0,1,0,0,22,0.02,0.23,0.25,0.94,8
30,426,141746,16,false,3,3,90,1,2,0,0,0,0,2,0,0,11,0.15,0.06,0.21,1.01,2
30,43,166989,16,false,3,3,90,1,2,0,0,0,0,2,0,0,17,0.05,0.06,0.11,1.01,7
30,429,176297,16,false,3,3,69,1,3,0,0,0,1,0,0,0,11,0,0.06,0.06,0.65,4
30,430,184341,16,false,3,3,0,0,0,0,0,0,0,0,0,0,0,0,0,0,0,0
30,416,209365,16,false,2,3,0,0,0,0,0,0,0,0,0,0,0,0,0,0,0,0
30,417,216051,16,false,2,3,83,1,1,0,0,0,0,1,0,0,8,0.01,0.01,0.02,0.92,4
30,419,221820,16,false,2,3,90,1,3,0,0,0,0,2,0,0,7,0,0,0,1.01,10
30,422,230001,16,false,2,3,1,0,1,0,0,0,0,1,0,0,-1,0,0.01,0.01,0.07,1
30,433,232112,16,false,3,3,0,0,0,0,0,0,0,0,0,0,0,0,0,0,0,0
30,428,430871,16,false,3,3,69,1,3,0,0,0,1,0,0,0,10,0.12,0.05,0.17,0.65,3
30,427,446008,16,false,3,3,90,1,8,1,0,0,0,2,0,1,29,0.05,0.03,0.08,1.01,8
30,413,451302,16,false,1,3,0,0,0,0,0,0,0,0,0,0,0,0,0,0,0,0
30,440,458249,16,false,4,3,0,0,0,0,0,0,0,0,0,0,0,0,0,0,0,0
30,412,465247,16,false,1,3,90,1,2,0,0,0,0,2,4,0,13,0,0,0,1.01,0
30,439,485711,16,false,4,3,20,0,5,1,0,0,0,2,0,0,28,0.29,0,0.29,0.36,0
30,436,490881,16,false,3,3,0,0,0,0,0,0,0,0,0,0,0,0,0,0,0,0
30,431,493250,16,false,3,3,0,0,0,0,0,0,0,0,0,0,0,0,0,0,0,0
30,432,516895,16,false,3,3,83,1,9,0,1,0,0,1,0,2,32,0,0.07,0.07,0.92,15
30,438,519913,16,false,3,3,0,0,0,0,0,0,0,0,0,0,0,0,0,0,0,0
30,162,532605,16,false,3,3,6,0,1,0,0,0,0,1,0,0,4,0,0.01,0.01,0.09,4
30,131,535301,16,false,3,3,0,0,0,0,0,0,0,0,0,0,0,0,0,0,0,0
30,434,547037,16,false,3,3,0,0,0,0,0,0,0,0,0,0,0,0,0,0,0,0
30,425,547676,16,false,2,3,0,0,0,0,0,0,0,0,0,0,0,0,0,0,0,0
30,420,550864,16,false,2,3,6,0,1,0,0,0,0,1,0,0,1,0,0.01,0.01,0.09,3
30,437,576620,16,false,3,3,0,0,0,0,0,0,0,0,0,0,0,0,0,0,0,0
30,435,576628,16,false,3,3,0,0,0,0,0,0,0,0,0,0,0,0,0,0,0,0
30,424,577974,16,false,2,3,0,0,0,0,0,0,0,0,0,0,0,0,0,0,0,0
30,441,596047,16,false,4,3,0,0,0,0,0,0,0,0,0,0,0,0,0,0,0,0
30,415,596777,16,false,3,3,20,0,1,0,0,0,0,2,0,0,3,0,0.01,0.01,0.36,3
30,421,606745,16,false,2,3,0,0,0,0,0,0,0,0,0,0,0,0,0,0,0,0
31,29,72147,2,true,1,4,0,0,0,0,0,0,0,0,0,0,0,0,0,0,0,0
31,46,88894,2,true,3,4,62,1,2,0,0,0,0,1,0,0,14,0.03,0.01,0.04,1.42,7
31,30,101188,2,true,2,4,0,0,0,0,0,0,0,0,0,0,0,0,0,0,0,0
31,618,119090,2,true,3,4,0,0,0,0,0,0,0,0,0,0,0,0,0,0,0,0
31,45,122806,2,true,3,4,90,1,6,0,1,0,0,2,0,1,30,0,0.11,0.11,2.28,9
31,33,149484,2,true,2,4,65,0,0,0,0,0,0,2,0,0,0,0.09,0,0.09,2.08,5
31,56,173879,2,true,4,4,45,0,1,0,0,0,0,2,0,0,4,0,0,0,1.89,1
31,55,178301,2,true,4,4,0,0,0,0,0,0,0,0,0,0,0,0,0,0,0,0
31,37,184667,2,true,2,4,90,1,1,0,0,0,0,2,0,0,2,0.44,0.01,0.45,2.28,2
31,41,195546,2,true,3,4,62,1,2,0,0,0,0,1,0,0,8,0,0.01,0.01,1.42,5
31,32,199796,2,true,2,4,0,0,0,0,0,0,0,0,0,0,0,0,0,0,0,0
31,611,214590,2,true,2,4,90,1,3,0,0,0,0,2,0,0,11,0,0.06,0.06,2.28,12
31,44,215711,2,true,3,4,0,0,0,0,0,0,0,0,0,0,0,0,0,0,0,0
31,47,226944,2,true,3,4,90,1,2,0,0,0,0,2,0,0,17,0,0.05,0.05,2.28,5
31,34,244954,2,true,2,4,24,1,1,0,0,0,0,0,0,0,4,0,0,0,0.2,0
31,630,245719,2,true,2,4,0,0,0,0,0,0,0,0,0,0,0,0,0,0,0,0
31,597,433969,2,true,1,4,90,1,2,0,0,0,0,2,5,0,17,0,0.01,0.01,2.28,0
31,36,441302,2,true,2,4,90,1,1,0,0,0,0,2,0,0,7,0.18,0.03,0.21,1.66,4
31,54,448089,2,true,3,4,0,0,0,0,0,0,0,0,0,0,0,0,0,0,0,0
31,48,449871,2,true,3,4,0,0,0,0,0,0,0,0,0,0,0,0,0,0,0,0
31,49,469247,2,true,3,4,0,0,0,0,0,0,0,0,0,0,0,0,0,0,0,0
31,596,487992,2,true,2,4,0,0,0,0,0,0,0,0,0,0,0,0,0,0,0,0
31,160,493105,2,true,3,4,0,0,0,0,0,0,0,0,0,0,0,0,0,0,0,0
31,35,515597,2,true,3,4,0,0,0,0,0,0,0,0,0,0,0,0,0,0,0,0
31,166,517052,2,true,4,4,45,1,0,0,0,0,0,0,0,0,0,0,0.04,0.04,0.39,0
31,606,569577,2,true,2,4,0,0,0,0,0,0,0,0,0,0,0,0,0,0,0,0
31,607,571380,2,true,3,4,0,0,0,0,0,0,0,0,0,0,0,0,0,0,0,0
31,51,577285,2,true,3,4,45,1,1,0,0,0,0,0,0,0,3,0,0.01,0.01,0.39,1
31,39,578545,2,true,2,4,0,0,0,0,0,0,0,0,0,0,0,0,0,0,0,0
31,38,606798,2,true,2,4,0,0,0,0,0,0,0,0,0,0,0,0,0,0,0,0
31,53,614071,2,true,3,4,27,0,1,0,0,0,0,1,0,0,3,0,0.08,0.08,0.86,2
31,631,638987,2,true,3,4,27,0,1,0,0,0,0,1,0,0,6,0.02,0.13,0.15,0.86,2
31,50,645618,2,true,3,4,0,0,0,0,0,0,0,0,0,0,0,0,0,0,0,0
31,52,653481,2,true,3,4,45,0,6,1,0,0,0,2,0,0,24,0.06,0,0.06,1.89,2
31,582,690838,2,true,4,4,0,0,0,0,0,0,0,0,0,0,0,0,0,0,0,0
31,490,60689,18,false,4,4,1,0,1,0,0,0,0,0,0,0,3,0,0,0,0.09,0
31,467,85633,18,false,1,4,90,1,3,0,0,0,0,1,5,0,19,0,0,0,0.82,0
31,473,159506,18,false,2,4,90,1,2,0,0,0,0,1,0,0,11,0,0.01,0.01,0.82,8
31,558,204561,18,false,3,4,90,1,3,0,0,0,0,1,0,0,18,0.06,0.02,0.08,0.82,16
31,476,204822,18,false,2,4,0,0,0,0,0,0,0,0,0,0,0,0,0,0,0,0
31,489,204968,18,false,3,4,0,0,0,0,0,0,0,0,0,0,0,0,0,0,0,0
31,482,209046,18,false,3,4,0,0,0,0,0,0,0,0,0,0,0,0,0,0,0,0
31,488,210462,18,false,3,4,8,0,1,0,0,0,0,0,0,0,2,0.06,0.01,0.07,0.09,2
31,469,215136,18,false,2,4,90,1,2,0,0,0,0,1,0,0,9,0.2,0.16,0.36,0.82,3
31,468,221389,18,false,1,4,0,0,0,0,0,0,0,0,0,0,0,0,0,0,0,0
31,480,222531,18,false,3,4,90,1,8,0,1,0,0,1,0,3,42,0.16,0.91,1.07,0.82,4
31,471,227444,18,false,2,4,0,0,0,0,0,0,0,0,0,0,0,0,0,0,0,0
31,201,247348,18,false,2,4,90,1,2,0,0,0,0,1,0,0,23,0.22,0.18,0.4,0.82,7
31,487,250199,18,false,3,4,0,0,0,0,0,0,0,0,0,0,0,0,0,0,0,0
31,590,428971,18,false,1,4,0,0,0,0,0,0,0,0,0,0,0,0,0,0,0,0
31,486,432714,18,false,3,4,81,1,3,0,0,0,0,1,0,0,18,0.03,0.38,0.41,0.73,12
31,483,456512,18,false,3,4,74,1,1,0,0,0,0,1,0,0,1,0.7,0.25,0.95,0.73,2
31,167,463034,18,false,4,4,90,1,5,1,0,0,0,1,0,0,25,0.63,0.08,0.71,0.73,4
31,493,465680,18,false,4,4,0,0,0,0,0,0,0,0,0,0,0,0,0,0,0,0
31,478,470315,18,false,2,4,0,0,0,0,0,0,0,0,0,0,0,0,0,0,0,0
31,485,476887,18,false,3,4,0,0,0,0,0,0,0,0,0,0,0,0,0,0,0,0
31,491,482973,18,false,4,4,15,0,7,1,0,0,0,0,0,2,34,0.13,0.01,0.14,0.09,3
31,470,485047,18,false,2,4,0,0,0,0,0,0,0,0,0,0,0,0,0,0,0,0
31,475,500151,18,false,2,4,0,0,0,0,0,0,0,0,0,0,0,0,0,0,0,0
31,484,503301,18,false,3,4,0,0,0,0,0,0,0,0,0,0,0,0,0,0,0,0
31,479,538638,18,false,2,4,0,0,0,0,0,0,0,0,0,0,0,0,0,0,0,0
31,477,549067,18,false,2,4,0,0,0,0,0,0,0,0,0,0,0,0,0,0,0,0
31,581,568420,18,false,2,4,90,1,4,0,0,0,0,1,0,0,10,0.11,0,0.11,0.82,14
31,474,575458,18,false,2,4,0,0,0,0,0,0,0,0,0,0,0,0,0,0,0,0
31,472,575476,18,false,2,4,90,1,6,0,1,0,0,1,0,0,18,0,0.01,0.01,0.82,12
32,58,40383,3,true,1,4,0,0,0,0,0,0,0,0,0,0,0,0,0,0,0,0
32,64,54469,3,true,2,4,90,1,0,0,0,0,0,2,0,0,-1,0,0.01,0.01,0.5,6
32,74,111317,3,true,3,4,7,0,0,0,0,0,0,0,0,0,-1,0,0,0,0.11,3
32,71,155408,3,true,3,4,8,0,0,0,0,0,0,0,0,0,-1,0,0,0,0.11,2
32,75,158499,3,true,3,4,24,0,1,0,0,0,0,0,0,0,7,0,0.12,0.12,0.11,7
32,80,168636,3,true,4,4,0,0,0,0,0,0,0,0,0,0,0,0,0,0,0,0
32,73,200785,3,true,3,4,81,1,2,0,0,0,0,2,0,0,16,0.03,0.02,0.05,0.39,10
32,68,201658,3,true,3,4,82,1,8,1,0,0,0,2,0,2,44,0.2,0.47,0.67,0.39,8
32,70,222683,3,true,3,4,65,1,8,1,0,0,0,2,0,1,31,0.21,0.02,0.23,0.39,4
32,615,230650,3,true,1,4,0,0,0,0,0,0,0,0,0,0,0,0,0,0,0,0
32,62,242882,3,true,2,4,0,0,0,0,0,0,0,0,0,0,0,0,0,0,0,0
32,65,436893,3,true,2,4,0,0,0,0,0,0,0,0,0,0,0,0,0,0,0,0
32,79,444102,3,true,4,4,90,1,5,0,1,0,0,2,0,0,22,0,0.25,0.25,0.48,4
32,59,444172,3,true,1,4,0,0,0,0,0,0,0,0,0,0,0,0,0,0,0,0
32,57,457569,3,true,1,4,90,1,1,0,0,0,0,2,0,0,0,0,0,0,0.5,0
32,60,463981,3,true,2,4,90,1,2,0,0,0,0,2,0,0,5,0,0.01,0.01,0.5,11
32,566,483067,3,true,2,4,90,1,3,0,0,0,0,2,0,0,-2,0.58,0.23,0.81,0.5,10
32,77,489888,3,true,3,4,0,0,0,0,0,0,0,0,0,0,0,0,0,0,0,0
32,61,494521,3,true,2,4,90,1,3,0,0,0,0,2,0,0,23,0.08,0.1,0.18,0.5,16
32,573,494928,3,true,2,4,0,0,0,0,0,0,0,0,0,0,0,0,0,0,0,0
32,72,496208,3,true,3,4,8,0,1,0,0,0,0,0,0,0,6,0.1,0.03,0.13,0.11,4
32,67,499604,3,true,3,4,81,1,2,0,0,0,0,2,0,0,7,0.39,0.02,0.41,0.39,3
32,69,503139,3,true,3,4,90,1,4,0,0,0,0,2,0,0,19,0.19,0.05,0.24,0.5,15
32,608,523700,3,true,4,4,0,0,0,0,0,0,0,0,0,0,0,0,0,0,0,0
32,78,560262,3,true,3,4,0,0,0,0,0,0,0,0,0,0,0,0,0,0,0,0
32,81,561245,3,true,4,4,1,0,1,0,0,0,0,0,0,0,3,0,0,0,0.02,0
32,66,575901,3,true,2,4,0,0,0,0,0,0,0,0,0,0,0,0,0,0,0,0
32,76,614574,3,true,3,4,0,0,0,0,0,0,0,0,0,0,0,0,0,0,0,0
32,63,620487,3,true,2,4,0,0,0,0,0,0,0,0,0,0,0,0,0,0,0,0
32,108,75115,4,false,4,4,0,0,0,0,0,0,0,0,0,0,0,0,0,0,0,0
32,103,183656,4,false,3,4,0,0,0,0,0,0,0,0,0,0,0,0,0,0,0,0
32,87,191866,4,false,2,4,90,1,1,0,0,0,0,2,0,0,0,0.02,0,0.02,1.75,9
32,89,194010,4,false,2,4,0,0,0,0,0,0,0,0,0,0,0,0,0,0,0,0
32,82,200720,4,false,1,4,90,1,3,0,0,0,0,2,8,0,19,0,0,0,1.75,0
32,98,204580,4,false,3,4,90,1,4,0,0,0,0,2,0,0,20,0,0.08,0.08,1.75,20
32,97,207283,4,false,3,4,0,0,0,0,0,0,0,0,0,0,0,0,0,0,0,0
32,100,244858,4,false,3,4,0,0,0,0,0,0,0,0,0,0,0,0,0,0,0,0
32,86,249231,4,false,3,4,59,1,1,0,0,0,0,2,0,0,0,0.03,0.13,0.16,1.25,2
32,84,432830,4,false,2,4,0,0,0,0,0,0,0,0,0,0,0,0,0,0,0,0
32,96,440089,4,false,3,4,30,0,1,0,0,0,0,0,0,0,3,0.1,0,0.1,0.5,4
32,105,444180,4,false,3,4,59,1,1,0,0,0,0,2,0,0,12,0,0.1,0.1,1.25,11
32,85,444765,4,false,2,4,0,0,0,0,0,0,0,0,0,0,0,0,0,0,0,0
32,90,472713,4,false,2,4,70,1,1,0,0,0,0,2,0,0,4,0.03,0.03,0.06,1.33,7
32,106,502500,4,false,4,4,90,1,1,0,0,0,0,2,0,0,3,0.11,0.03,0.14,1.75,1
32,83,507433,4,false,1,4,0,0,0,0,0,0,0,0,0,0,0,0,0,0,0,0
32,102,508395,4,false,3,4,59,1,4,0,1,0,0,2,0,0,19,0,0.21,0.21,1.25,5
32,93,513086,4,false,2,4,90,1,3,0,0,0,0,2,0,0,5,0,0.01,0.01,1.75,12
32,94,513418,4,false,3,4,90,1,15,2,0,0,0,2,0,3,49,0.21,0.1,0.31,1.75,4
32,565,513545,4,false,3,4,90,1,4,0,0,0,0,2,0,0,19,0,0.28,0.28,1.75,13
32,95,533463,4,false,3,4,30,0,1,0,0,0,0,0,0,0,4,0.02,0.01,0.03,0.5,4
32,99,543295,4,false,3,4,0,0,0,0,0,0,0,0,0,0,0,0,0,0,0,0
32,92,570241,4,false,2,4,0,0,0,0,0,0,0,0,0,0,0,0,0,0,0,0
32,107,593174,4,false,4,4,0,0,0,0,0,0,0,0,0,0,0,0,0,0,0,0
32,88,607464,4,false,2,4,19,0,1,0,0,0,0,0,0,0,5,0,0.15,0.15,0.41,1
32,620,613804,4,false,2,4,30,0,1,0,0,0,0,0,0,0,4,0,0.01,0.01,0.5,1
32,657,626464,4,false,3,4,0,0,0,0,0,0,0,0,0,0,0,0,0,0,0,0
33,136,50175,6,true,4,4,12,0,1,0,0,0,0,0,0,0,4,0,0.06,0.06,0.54,1
33,101,56979,6,true,3,4,0,0,0,0,0,0,0,0,0,0,0,0,0,0,0,0
33,28,98980,6,true,1,4,90,1,2,0,0,0,0,2,3,0,10,0,0,0,1.38,0
33,143,180736,6,true,2,4,0,0,0,0,0,0,0,0,0,0,0,0,0,0,0,0
33,140,215059,6,true,1,4,0,0,0,0,0,0,0,0,0,0,0,0,0,0,0,0
33,142,225796,6,true,2,4,90,1,1,0,0,0,0,2,0,0,11,0.16,0.14,0.3,1.38,4
33,146,242880,6,true,2,4,0,0,0,0,0,0,0,0,0,0,0,0,0,0,0,0
33,40,244850,6,true,3,4,90,1,8,1,0,0,0,2,0,1,31,0.21,0.02,0.23,1.38,6
33,154,244851,6,true,3,4,90,1,5,0,1,0,0,2,0,0,28,0.13,0.25,0.38,1.38,3
33,156,247632,6,true,3,4,85,1,2,0,0,0,0,2,0,0,17,0.05,0.1,0.15,0.89,7
33,200,437499,6,true,2,4,4,0,1,0,0,0,0,0,0,0,4,0,0,0,0.49,3
33,145,444463,6,true,2,4,85,1,1,0,0,0,0,2,0,0,10,0,0.03,0.03,0.89,6
33,149,460028,6,true,2,4,90,1,1,0,0,0,0,2,0,0,8,0,0.01,0.01,1.38,6
33,158,463936,6,true,3,4,0,0,0,0,0,0,0,0,0,0,0,0,0,0,0,0
33,165,475168,6,true,4,4,90,1,12,1,1,0,0,2,0,3,44,0.29,0.04,0.33,1.38,2
33,144,482609,6,true,2,4,77,1,1,0,0,0,0,2,0,0,7,0.04,0.07,0.11,0.84,5
33,159,486672,6,true,3,4,0,0,0,0,0,0,0,0,0,0,0,0,0,0,0,0
33,163,491007,6,true,3,4,0,0,0,0,0,0,0,0,0,0,0,0,0,0,0,0
33,583,498444,6,true,2,4,45,0,1,0,0,0,0,0,0,0,4,0,0.01,0.01,0.94,1
33,168,499309,6,true,4,4,0,0,0,0,0,0,0,0,0,0,0,0,0,0,0,0
33,170,503037,6,true,4,4,0,0,0,0,0,0,0,0,0,0,0,0,0,0,0,0
33,141,508479,6,true,1,4,0,0,0,0,0,0,0,0,0,0,0,0,0,0,0,0
33,161,514356,6,true,3,4,68,1,2,0,0,0,0,2,0,0,14,0,0.07,0.07,0.84,9
33,568,543158,6,true,3,4,21,0,0,0,0,0,0,0,0,0,7,0,0.09,0.09,0.54,2
33,560,549939,6,true,1,4,0,0,0,0,0,0,0,0,0,0,0,0,0,0,0,0
33,148,551210,6,true,2,4,45,1,0,0,0,0,0,2,0,0,-8,0,0.1,0.1,0.44,3
33,169,567119,6,true,4,4,0,0,0,0,0,0,0,0,0,0,0,0,0,0,0,0
33,150,574458,6,true,2,4,0,0,0,0,0,0,0,0,0,0,0,0,0,0,0,0
33,151,577016,6,true,2,4,0,0,0,0,0,0,0,0,0,0,0,0,0,0,0,0
33,164,593117,6,true,3,4,0,0,0,0,0,0,0,0,0,0,0,0,0,0,0,0
33,152,620109,6,true,2,4,0,0,0,0,0,0,0,0,0,0,0,0,0,0,0,0
33,561,622758,6,true,2,4,0,0,0,0,0,0,0,0,0,0,0,0,0,0,0,0
33,157,624773,6,true,3,4,4,0,1,0,0,0,0,0,0,0,6,0.03,0.07,0.1,0.49,1
33,289,101282,11,false,3,4,68,1,1,0,0,0,0,2,0,0,2,0,0,0,0.55,10
33,274,105666,11,false,1,4,0,0,0,0,0,0,0,0,0,0,0,0,0,0,0,0
33,277,108416,11,false,2,4,90,1,2,0,0,0,0,2,0,0,-1,0.04,0,0.04,0.91,14
33,279,146426,11,false,2,4,90,1,1,0,0,0,0,2,0,0,-6,0.13,0,0.13,0.91,3
33,285,160817,11,false,2,4,0,0,0,0,0,0,0,0,0,0,0,0,0,0,0,0
33,273,167825,11,false,1,4,0,0,0,0,0,0,0,0,0,0,0,0,0,0,0,0
33,556,169359,11,false,2,4,0,0,0,0,0,0,0,0,0,0,0,0,0,0,0,0
33,295,169432,11,false,4,4,81,1,4,0,1,0,0,2,0,0,17,0.33,0.04,0.37,0.72,3
33,288,171270,11,false,3,4,0,0,0,0,0,0,0,0,0,0,0,0,0,0,0,0
33,280,193278,11,false,2,4,81,1,1,0,0,0,0,2,0,0,2,0.13,0.01,0.14,0.72,3
33,292,208481,11,false,3,4,0,0,0,0,0,0,0,0,0,0,0,0,0,0,0,0
33,296,213292,11,false,3,4,0,0,0,0,0,0,0,0,0,0,0,0,0,0,0,0
33,282,232351,11,false,2,4,90,1,4,0,1,0,0,2,0,0,20,0,0.17,0.17,0.91,7
33,287,232905,11,false,3,4,0,0,0,0,0,0,0,0,0,0,0,0,0,0,0,0
33,290,243413,11,false,3,4,90,1,2,0,0,0,0,2,0,0,22,0.04,0.1,0.14,0.91,11
33,642,243951,11,false,3,4,30,0,1,0,0,0,0,1,0,0,6,0.02,0.03,0.05,0.64,4
33,281,433590,11,false,2,4,0,0,0,0,0,0,0,0,0,0,0,0,0,0,0,0
33,276,444307,11,false,1,4,0,0,0,0,0,0,0,0,0,0,0,0,0,0,0,0
33,563,445028,11,false,3,4,0,0,0,0,0,0,0,0,0,0,0,0,0,0,0,0
33,283,449428,11,false,2,4,0,0,0,0,0,0,0,0,0,0,0,0,0,0,0,0
33,340,462635,11,false,3,4,0,0,0,0,0,0,0,0,0,0,0,0,0,0,0,0
33,291,465525,11,false,3,4,0,0,0,0,0,0,0,0,0,0,0,0,0,0,0,0
33,589,469266,11,false,3,4,0,0,0,0,0,0,0,0,0,0,0,0,0,0,0,0
33,297,470294,11,false,3,4,0,0,0,0,0,0,0,0,0,0,0,0,0,0,0,0
33,572,473284,11,false,1,4,90,1,2,0,0,0,0,2,5,0,15,0,0,0,0.91,0
33,240,490094,11,false,3,4,21,0,0,0,0,0,0,0,0,0,2,0,0,0,0.35,2
33,293,490161,11,false,3,4,0,0,0,0,0,0,0,0,0,0,0,0,0,0,0,0
33,617,490884,11,false,3,4,30,0,1,0,0,0,0,1,0,0,3,0.47,0.16,0.63,0.64,2
33,275,494950,11,false,1,4,0,0,0,0,0,0,0,0,0,0,0,0,0,0,0,0
33,638,496181,11,false,2,4,8,0,0,0,0,0,0,0,0,0,0,0.05,0,0.05,0.18,0
33,298,500957,11,false,4,4,0,0,0,0,0,0,0,0,0,0,0,0,0,0,0,0
33,278,501902,11,false,2,4,0,0,0,0,0,0,0,0,0,0,0,0,0,0,0,0
33,299,534392,11,false,4,4,0,0,0,0,0,0,0,0,0,0,0,0,0,0,0,0
33,286,540324,11,false,3,4,59,1,13,2,0,0,0,1,0,2,43,0.17,0.06,0.23,0.26,1
33,574,552946,11,false,3,4,0,0,0,0,0,0,0,0,0,0,0,0,0,0,0,0
33,294,553783,11,false,3,4,0,0,0,0,0,0,0,0,0,0,0,0,0,0,0,0
33,585,597462,11,false,2,4,31,0,1,0,0,0,0,1,0,0,-1,0,0.01,0.01,0.64,1
33,586,606930,11,false,2,4,58,1,1,0,0,0,0,1,0,0,3,0,0,0,0.26,7
33,576,608227,11,false,3,4,59,1,1,0,0,0,0,1,0,0,3,0.01,0,0.01,0.26,5
33,632,626751,11,false,4,4,0,0,0,0,0,0,0,0,0,0,0,0,0,0,0,0
33,637,631000,11,false,4,4,8,0,1,0,0,0,0,0,0,0,3,0,0,0,0.18,1
33,645,647839,11,false,3,4,0,0,0,0,0,0,0,0,0,0,0,0,0,0,0,0
33,284,661800,11,false,2,4,0,0,0,0,0,0,0,0,0,0,0,0,0,0,0,0
34,212,108413,8,true,3,4,13,0,1,0,0,0,0,1,0,0,6,0,0.04,0.04,0.55,4
34,199,121709,8,true,1,4,90,1,2,0,0,0,0,3,3,0,3,0,0,0,1.68,0
34,213,152551,8,true,3,4,6,0,1,0,0,0,0,1,0,0,3,0,0,0,0.48,1
34,555,169593,8,true,1,4,0,0,0,0,0,0,0,0,0,0,0,0,0,0,0,0
34,198,172649,8,true,1,4,0,0,0,0,0,0,0,0,0,0,0,0,0,0,0,0
34,643,172850,8,true,2,4,13,0,1,0,0,0,0,1,0,0,1,0.12,0.01,0.13,0.55,1
34,224,205533,8,true,4,4,0,0,0,0,0,0,0,0,0,0,0,0,0,0,0,0
34,214,209400,8,true,3,4,83,1,8,0,2,0,0,2,0,0,30,0,0.05,0.05,1.2,1
34,205,218364,8,true,2,4,0,0,0,0,0,0,0,0,0,0,0,0,0,0,0,0
34,153,220362,8,true,2,4,33,1,-3,0,0,0,0,3,0,0,-18,0,0,0,0.38,6
34,577,223723,8,true,2,4,53,0,0,0,0,0,0,2,0,0,6,0,0.01,0.01,1.29,5
34,223,231747,8,true,4,4,0,0,0,0,0,0,0,0,0,0,0,0,0,0,0,0
34,208,232185,8,true,3,4,0,0,0,0,0,0,0,0,0,0,0,0,0,0,0,0
34,207,242313,8,true,2,4,0,0,0,0,0,0,0,0,0,0,0,0,0,0,0,0
34,204,244723,8,true,2,4,76,1,1,0,0,0,0,2,0,0,6,0,0.06,0.06,1.13,1
34,222,247412,8,true,4,4,83,1,8,1,0,0,0,2,0,2,39,0.09,0.02,0.11,1.2,2
34,202,427623,8,true,2,4,90,1,2,0,0,0,0,3,0,0,2,0,0.06,0.06,1.68,13
34,241,433154,8,true,3,4,0,0,0,0,0,0,0,0,0,0,0,0,0,0,0,0
34,218,438464,8,true,3,4,0,0,0,0,0,0,0,0,0,0,0,0,0,0,0,0
34,644,450063,8,true,3,4,90,1,4,0,0,0,0,3,0,0,24,0.1,0.03,0.13,1.68,16
34,219,450542,8,true,3,4,0,0,0,0,0,0,0,0,0,0,0,0,0,0,0,0
34,42,485337,8,true,3,4,0,0,0,0,0,0,0,0,0,0,0,0,0,0,0,0
34,211,488024,8,true,3,4,36,1,1,0,0,0,0,1,0,0,4,0,0.01,0.01,0.38,1
34,215,489706,8,true,3,4,0,0,0,0,0,0,0,0,0,0,0,0,0,0,0,0
34,210,496221,8,true,3,4,76,1,2,0,0,0,0,2,0,0,13,0.08,0.04,0.12,1.13,5
34,206,515621,8,true,2,4,0,0,0,0,0,0,0,0,0,0,0,0,0,0,0,0
34,647,533646,8,true,3,4,0,0,0,0,0,0,0,0,0,0,0,0,0,0,0,0
34,217,536694,8,true,3,4,0,0,0,0,0,0,0,0,0,0,0,0,0,0,0,0
34,595,559152,8,true,3,4,6,0,1,0,0,0,0,1,0,0,3,0,0,0,0.48,0
34,588,570794,8,true,2,4,90,1,7,1,0,0,0,3,0,0,4,0.22,0.14,0.36,1.68,5
34,220,590014,8,true,2,4,0,0,0,0,0,0,0,0,0,0,0,0,0,0,0,0
34,633,605972,8,true,2,4,90,1,3,0,0,0,0,3,0,0,10,0,0.01,0.01,1.68,11
34,216,606921,8,true,3,4,0,0,0,0,0,0,0,0,0,0,0,0,0,0,0,0
34,203,651426,8,true,2,4,0,0,0,0,0,0,0,0,0,0,0,0,0,0,0,0
34,225,660392,8,true,4,4,0,0,0,0,0,0,0,0,0,0,0,0,0,0,0,0
34,221,672492,8,true,3,4,0,0,0,0,0,0,0,0,0,0,0,0,0,0,0,0
34,302,50093,12,false,1,4,0,0,0,0,0,0,0,0,0,0,0,0,0,0,0,0
34,300,108813,12,false,1,4,0,0,0,0,0,0,0,0,0,0,0,0,0,0,0,0
34,301,112520,12,false,1,4,0,0,0,0,0,0,0,0,0,0,0,0,0,0,0,0
34,320,147675,12,false,4,4,0,0,0,0,0,0,0,0,0,0,0,0,0,0,0,0
34,311,149929,12,false,3,4,0,0,0,0,0,0,0,0,0,0,0,0,0,0,0,0
34,319,172453,12,false,3,4,0,0,0,0,0,0,0,0,0,0,0,0,0,0,0,0
34,308,176420,12,false,2,4,0,0,0,0,0,0,0,0,0,0,0,0,0,0,0,0
34,303,183015,12,false,2,4,0,0,0,0,0,0,0,0,0,0,0,0,0,0,0,0
34,267,212314,12,false,3,4,76,1,1,0,0,0,0,2,0,0,8,0,0.1,0.1,0.35,10
34,571,216055,12,false,3,4,13,0,1,0,0,0,0,0,0,0,8,0,0.01,0.01,0.27,2
34,304,216616,12,false,2,4,90,1,1,0,0,0,0,2,0,0,5,0,0.08,0.08,0.62,9
34,619,218543,12,false,3,4,90,1,4,0,0,0,0,2,0,0,14,0,0.04,0.04,0.62,13
34,259,219924,12,false,2,4,90,1,1,0,0,0,0,2,0,0,8,0,0.13,0.13,0.62,7
34,307,222018,12,false,2,4,0,0,0,0,0,0,0,0,0,0,0,0,0,0,0,0
34,317,222625,12,false,4,4,0,0,0,0,0,0,0,0,0,0,0,0,0,0,0,0
34,314,229164,12,false,3,4,0,0,0,0,0,0,0,0,0,0,0,0,0,0,0,0
34,312,231899,12,false,3,4,0,0,0,0,0,0,0,0,0,0,0,0,0,0,0,0
34,324,232457,12,false,3,4,0,0,0,0,0,0,0,0,0,0,0,0,0,0,0,0
34,564,240514,12,false,1,4,90,1,1,0,0,0,0,2,2,0,6,0,0,0,0.62,0
34,310,241117,12,false,3,4,0,0,0,0,0,0,0,0,0,0,0,0,0,0,0,0
34,640,431639,12,false,4,4,27,0,5,1,0,0,0,1,0,0,32,0.52,0,0.52,0.41,2
34,562,442967,12,false,3,4,27,0,1,0,0,0,0,1,0,0,1,0,0,0,0.41,0
34,313,443261,12,false,3,4,62,1,1,0,0,0,0,1,0,0,8,0.15,0.02,0.17,0.2,2
34,306,449429,12,false,2,4,87,1,1,0,0,0,0,2,0,0,7,0,0.01,0.01,0.62,6
34,305,455084,12,false,2,4,90,1,14,1,2,0,0,2,0,1,35,0.52,0.19,0.71,0.62,2
34,323,461587,12,false,3,4,0,0,0,0,0,0,0,0,0,0,0,0,0,0,0,0
34,322,462387,12,false,4,4,0,0,0,0,0,0,0,0,0,0,0,0,0,0,0,0
34,591,474120,12,false,3,4,90,1,2,0,0,0,0,2,0,0,7,0.05,0.2,0.25,0.62,5
34,318,481624,12,false,3,4,28,0,1,0,0,0,0,1,0,0,6,0.02,0,0.01,0.41,3
34,309,501390,12,false,3,4,0,0,0,0,0,0,0,0,0,0,0,0,0,0,0,0
34,602,524180,12,false,3,4,0,0,0,0,0,0,0,0,0,0,0,0,0,0,0,0
34,315,531442,12,false,3,4,61,1,1,0,0,0,0,1,0,0,6,0,0.05,0.05,0.2,7
34,316,543968,12,false,4,4,62,1,12,1,1,0,0,1,0,3,45,0.44,0.05,0.49,0.2,2
34,554,546600,12,false,1,4,0,0,0,0,0,0,0,0,0,0,0,0,0,0,0,0
34,321,557012,12,false,4,4,0,0,0,0,0,0,0,0,0,0,0,0,0,0,0,0
34,592,572584,12,false,2,4,2,0,1,0,0,0,0,0,0,0,5,0,0,0,0,1
35,266,76357,10,false,3,4,0,0,0,0,0,0,0,0,0,0,0,0,0,0,0,0
35,250,80201,10,false,1,4,90,1,9,0,0,0,1,0,3,2,29,0,0,0,1.28,0
35,251,86873,10,false,1,4,0,0,0,0,0,0,0,0,0,0,0,0,0,0,0,0
35,261,153133,10,false,3,4,76,1,3,0,0,0,1,0,0,0,15,0.15,0.11,0.26,0.81,4
35,270,153366,10,false,3,4,0,0,0,0,0,0,0,0,0,0,0,0,0,0,0,0
35,258,166477,10,false,2,4,71,1,6,0,0,0,1,0,0,0,23,0,0.01,0.01,0.74,5
35,256,167074,10,false,2,4,27,0,0,0,0,0,0,0,0,0,-1,0,0,0,0.65,3
35,254,169528,10,false,2,4,90,1,6,0,0,0,1,0,0,0,25,0.05,0.05,0.1,1.28,9
35,253,174874,10,false,2,4,0,0,0,0,0,0,0,0,0,0,0,0,0,0,0,0
35,269,184349,10,false,2,4,0,0,0,0,0,0,0,0,0,0,0,0,0,0,0,0
35,265,207189,10,false,3,4,90,1,3,0,0,0,1,0,0,0,14,0,0.01,0.01,1.28,9
35,262,209289,10,false,3,4,13,0,1,0,0,0,0,0,0,0,3,0,0,0,0.46,2
35,257,232892,10,false,2,4,90,1,6,0,0,0,1,0,0,0,27,0.05,0,0.05,1.28,8
35,271,244042,10,false,4,4,13,0,1,0,0,0,0,0,0,0,4,0,0,0,0.46,1
35,255,246301,10,false,2,4,0,0,0,0,0,0,0,0,0,0,0,0,0,0,0,0
35,650,442299,10,false,2,4,90,1,8,0,0,0,1,0,0,0,23,0,0,0,1.28,12
35,580,463210,10,false,3,4,90,1,5,0,0,0,1,0,0,0,19,0,0.02,0.02,1.28,17
35,264,477555,10,false,3,4,62,1,3,0,0,0,1,0,0,0,12,0,0.13,0.13,0.63,7
35,636,500033,10,false,3,4,0,0,0,0,0,0,0,0,0,0,0,0,0,0,0,0
35,252,505079,10,false,1,4,0,0,0,0,0,0,0,0,0,0,0,0,0,0,0,0
35,610,547686,10,false,2,4,0,0,0,0,0,0,0,0,0,0,0,0,0,0,0,0
35,635,551050,10,false,3,4,13,0,1,0,0,0,0,0,0,0,3,0,0.01,0.01,0.46,1
35,569,551466,10,false,4,4,76,1,2,0,0,0,1,0,0,0,5,0.2,0.03,0.23,0.81,3
35,263,560552,10,false,3,4,18,0,1,0,0,0,0,0,0,0,4,0.03,0.07,0.1,0.54,3
35,570,571779,10,false,3,4,0,0,0,0,0,0,0,0,0,0,0,0,0,0,0,0
35,268,577725,10,false,3,4,76,1,3,0,0,0,1,0,0,0,19,0.21,0.09,0.3,0.81,4
35,626,616069,10,false,3,4,0,0,0,0,0,0,0,0,0,0,0,0,0,0,0,0
35,272,631786,10,false,4,4,0,0,0,0,0,0,0,0,0,0,0,0,0,0,0,0
35,356,97032,14,true,2,4,90,1,8,0,0,0,1,0,0,0,25,0,0.01,0.01,0.7,10
35,350,116535,14,true,1,4,90,1,9,0,0,0,1,0,3,2,29,0,0,0,0.7,0
35,352,155503,14,true,1,4,0,0,0,0,0,0,0,0,0,0,0,0,0,0,0,0
35,374,158983,14,true,3,4,0,0,0,0,0,0,0,0,0,0,0,0,0,0,0,0
35,359,171287,14,true,2,4,0,0,0,0,0,0,0,0,0,0,0,0,0,0,0,0
35,373,206915,14,true,3,4,0,0,0,0,0,0,0,0,0,0,0,0,0,0,0,0
35,364,214285,14,true,2,4,45,1,1,0,0,0,0,0,0,0,2,0,0.01,0.01,0.4,3
35,357,216094,14,true,2,4,18,0,1,0,0,0,0,0,0,0,12,0,0.12,0.12,0.1,4
35,379,219168,14,true,4,4,90,1,2,0,0,0,1,0,0,0,5,0.5,0,0.5,0.7,1
35,370,223541,14,true,3,4,0,0,0,0,0,0,0,0,0,0,0,0,0,0,0,0
35,372,243016,14,true,3,4,30,0,1,0,0,0,0,0,0,0,7,0.02,0.02,0.04,0.16,4
35,367,243298,14,true,3,4,30,0,1,0,0,0,0,0,0,0,3,0.08,0.02,0.1,0.16,2
35,368,424876,14,true,3,4,90,1,3,0,0,0,1,0,0,0,25,0.12,0.28,0.4,0.7,6
35,354,432987,14,true,1,4,0,0,0,0,0,0,0,0,0,0,0,0,0,0,0,0
35,371,441266,14,true,3,4,59,1,1,0,0,0,0,0,0,0,13,0.04,0.01,0.05,0.54,10
35,383,444884,14,true,3,4,0,0,0,0,0,0,0,0,0,0,0,0,0,0,0,0
35,579,445087,14,true,2,4,71,1,6,0,0,0,1,0,0,0,24,0,0,0,0.6,4
35,351,449027,14,true,1,4,0,0,0,0,0,0,0,0,0,0,0,0,0,0,0,0
35,355,464353,14,true,1,4,0,0,0,0,0,0,0,0,0,0,0,0,0,0,0,0
35,627,482616,14,true,3,4,71,1,3,0,0,0,1,0,0,0,9,0.21,0.03,0.24,0.6,5
35,365,489580,14,true,2,4,0,0,0,0,0,0,0,0,0,0,0,0,0,0,0,0
35,378,491501,14,true,3,4,0,0,0,0,0,0,0,0,0,0,0,0,0,0,0,0
35,360,492777,14,true,2,4,0,0,0,0,0,0,0,0,0,0,0,0,0,0,0,0
35,366,494595,14,true,3,4,90,1,3,0,0,0,1,0,0,0,14,0.11,0.06,0.17,0.7,9
35,382,500058,14,true,4,4,0,0,0,0,0,0,0,0,0,0,0,0,0,0,0,0
35,380,510663,14,true,4,4,0,0,0,0,0,0,0,0,0,0,0,0,0,0,0,0
35,381,514514,14,true,3,4,0,0,0,0,0,0,0,0,0,0,0,0,0,0,0,0
35,361,519440,14,true,2,4,0,0,0,0,0,0,0,0,0,0,0,0,0,0,0,0
35,376,535928,14,true,3,4,0,0,0,0,0,0,0,0,0,0,0,0,0,0,0,0
35,358,544877,14,true,2,4,45,0,1,0,0,0,0,0,0,0,6,0,0.01,0.01,0.3,3
35,377,551499,14,true,3,4,59,1,1,0,0,0,0,0,0,0,5,0.1,0,0.1,0.54,2
35,353,586268,14,true,1,4,0,0,0,0,0,0,0,0,0,0,0,0,0,0,0,0
35,375,591386,14,true,3,4,0,0,0,0,0,0,0,0,0,0,0,0,0,0,0,0
35,362,606702,14,true,2,4,90,1,9,0,0,0,1,0,0,3,36,0,0.02,0.02,0.7,5
35,369,611922,14,true,3,4,18,0,1,0,0,0,0,0,0,0,-1,0.11,0,0.11,0.1,1
35,363,647681,14,true,2,4,0,0,0,0,0,0,0,0,0,0,0,0,0,0,0,0
36,2,109745,1,false,1,4,0,0,0,0,0,0,0,0,0,0,0,0,0,0,0,0
36,1,154561,1,false,1,4,90,1,14,0,0,0,1,0,2,3,38,0,0,0,1.8,0
36,15,184029,1,false,3,4,84,1,3,0,0,0,1,0,0,0,26,0,0.25,0.25,1.8,5
36,17,195384,1,false,3,4,5,0,1,0,0,0,0,0,0,0,3,0,0,0,0,0
36,10,198869,1,false,2,4,45,1,1,0,0,0,0,0,0,0,4,0,0,0,0.23,3
36,31,199798,1,false,2,4,90,1,6,0,0,0,1,0,0,0,16,0,0,0,1.8,8
36,24,200641,1,false,3,4,0,0,0,0,0,0,0,0,0,0,0,0,0,0,0,0
36,13,204480,1,false,3,4,80,1,6,0,1,0,1,0,0,0,27,0,0.37,0.37,1.41,10
36,27,205651,1,false,4,4,0,0,0,0,0,0,0,0,0,0,0,0,0,0,0,0
36,452,208706,1,false,3,4,45,0,7,1,0,0,0,0,0,1,29,0.09,0.14,0.23,1.57,3
36,26,219847,1,false,4,4,90,1,1,0,0,0,1,0,0,0,0,0.34,0.02,0.36,1.8,2
36,12,223340,1,false,3,4,90,1,8,1,0,0,1,0,0,0,28,1.38,0.08,1.46,1.8,7
36,25,224117,1,false,4,4,0,0,0,0,0,0,0,0,0,0,0,0,0,0,0,0
36,4,226597,1,false,2,4,90,1,9,0,0,0,1,0,0,2,30,0.02,0.01,0.03,1.8,11
36,14,232413,1,false,3,4,9,0,1,0,0,0,0,0,0,0,3,0,0,0,0.4,0
36,16,248857,1,false,3,4,0,0,0,0,0,0,0,0,0,0,0,0,0,0,0,0
36,3,437495,1,false,1,4,0,0,0,0,0,0,0,0,0,0,0,0,0,0,0,0
36,23,438098,1,false,3,4,0,0,0,0,0,0,0,0,0,0,0,0,0,0,0,0
36,557,439509,1,false,3,4,80,1,3,0,0,0,1,0,0,0,10,0,0.13,0.13,1.41,3
36,18,444145,1,false,3,4,0,0,0,0,0,0,0,0,0,0,0,0,0,0,0,0
36,5,445122,1,false,2,4,45,0,1,0,0,0,0,0,0,0,3,0,0.01,0.01,1.57,3
36,9,448104,1,false,2,4,0,0,0,0,0,0,0,0,0,0,0,0,0,0,0,0
36,6,462424,1,false,2,4,0,0,0,0,0,0,0,0,0,0,0,0,0,0,0,0
36,8,466075,1,false,2,4,90,1,6,0,0,0,1,0,0,0,18,0.06,0.01,0.07,1.8,4
36,19,481655,1,false,3,4,9,0,1,0,0,0,0,0,0,0,5,0,0,0,0.4,2
36,7,499169,1,false,3,4,45,1,1,0,0,0,0,0,0,0,2,0,0,0,0.23,0
36,22,499175,1,false,3,4,0,0,0,0,0,0,0,0,0,0,0,0,0,0,0,0
36,11,500040,1,false,2,4,0,0,0,0,0,0,0,0,0,0,0,0,0,0,0,0
36,20,616077,1,false,3,4,0,0,0,0,0,0,0,0,0,0,0,0,0,0,0,0
36,544,84450,20,true,3,4,90,1,1,0,0,0,0,2,0,0,19,0,0.37,0.37,1.88,11
36,541,93605,20,true,2,4,75,1,2,0,0,0,0,1,0,0,5,0.13,0,0.13,1.09,2
36,540,105717,20,true,2,4,0,0,0,0,0,0,0,0,0,0,0,0,0,0,0,0
36,501,135720,20,true,2,4,90,1,1,0,0,0,0,2,0,0,6,0,0.08,0.08,1.88,4
36,539,167512,20,true,2,4,0,0,0,0,0,0,0,0,0,0,0,0,0,0,0,0
36,533,200834,20,true,2,4,90,1,0,0,0,0,0,2,0,0,-5,0.7,0.02,0.72,1.88,6
36,535,201895,20,true,2,4,0,0,0,0,0,0,0,0,0,0,0,0,0,0,0,0
36,532,223827,20,true,2,4,90,1,0,0,0,0,0,2,0,0,0,0.08,0.01,0.09,1.88,6
36,530,232571,20,true,1,4,0,0,0,0,0,0,0,0,0,0,0,0,0,0,0,0
36,536,434399,20,true,2,4,90,1,-2,0,0,0,0,2,0,0,-12,0,0.01,0.01,1.09,7
36,553,437505,20,true,4,4,20,0,1,0,0,0,0,1,0,0,1,0,0,0,1.07,1
36,552,441264,20,true,4,4,90,1,1,0,0,0,0,2,0,0,4,0,0.01,0.01,1.88,4
36,547,461199,20,true,3,4,0,0,0,0,0,0,0,0,0,0,0,0,0,0,0,0
36,538,477547,20,true,2,4,0,0,0,0,0,0,0,0,0,0,0,0,0,0,0,0
36,542,484420,20,true,3,4,90,1,0,0,0,0,0,2,0,0,6,0.85,0.59,1.44,1.88,4
36,534,487676,20,true,2,4,0,0,0,0,0,0,0,0,0,0,0,0,0,0,0,0
36,529,498016,20,true,1,4,90,1,2,0,0,0,0,2,3,0,9,0,0,0,1.88,0
36,531,515046,20,true,1,4,0,0,0,0,0,0,0,0,0,0,0,0,0,0,0,0
36,537,519634,20,true,2,4,0,0,0,0,0,0,0,0,0,0,0,0,0,0,0,0
36,546,535818,20,true,3,4,0,0,0,0,0,0,0,0,0,0,0,0,0,0,0,0
36,551,536661,20,true,3,4,69,1,2,0,0,0,0,1,0,0,7,0,0,0,0.81,3
36,543,547027,20,true,3,4,0,0,0,0,0,0,0,0,0,0,0,0,0,0,0,0
36,549,549912,20,true,3,4,0,0,0,0,0,0,0,0,0,0,0,0,0,0,0,0
36,646,549940,20,true,3,4,14,0,1,0,0,0,0,1,0,0,2,0,0,0,0.79,0
36,548,554197,20,true,3,4,0,0,0,0,0,0,0,0,0,0,0,0,0,0,0,0
36,545,577669,20,true,3,4,90,1,2,0,0,0,0,2,0,0,11,0.04,0,0.04,1.88,10
36,612,638411,20,true,2,4,0,0,0,0,0,0,0,0,0,0,0,0,0,0,0,0
36,651,661313,20,true,4,4,0,0,0,0,0,0,0,0,0,0,0,0,0,0,0,0
36,613,696104,20,true,3,4,0,0,0,0,0,0,0,0,0,0,0,0,0,0,0,0
36,550,699989,20,true,3,4,0,0,0,0,0,0,0,0,0,0,0,0,0,0,0,0
37,229,17761,9,false,2,4,90,1,8,0,0,0,1,0,0,2,32,0,0.01,0.01,0.69,8
37,231,106611,9,false,2,4,0,0,0,0,0,0,0,0,0,0,0,0,0,0,0,0
37,226,111234,9,false,1,4,90,1,6,0,0,0,1,0,2,0,25,0,0,0,0.69,0
37,238,114283,9,false,3,4,25,0,1,0,0,0,0,0,0,0,4,0,0.01,0.01,0.3,4
37,21,128295,9,false,3,4,0,0,0,0,0,0,0,0,0,0,0,0,0,0,0,0
37,228,138001,9,false,1,4,0,0,0,0,0,0,0,0,0,0,0,0,0,0,0,0
37,649,154043,9,false,2,4,74,1,6,0,0,0,1,0,0,0,23,0.03,0.14,0.17,0.43,5
37,236,215413,9,false,3,4,90,1,2,0,0,0,1,0,0,0,16,0.17,0.09,0.26,0.69,6
37,233,224967,9,false,2,4,90,1,11,0,0,0,1,0,0,3,38,0,0.07,0.07,0.69,11
37,227,229600,9,false,1,4,0,0,0,0,0,0,0,0,0,0,0,0,0,0,0,0
37,239,232928,9,false,3,4,90,1,4,0,0,0,1,0,0,0,23,0.04,0.02,0.06,0.69,17
37,209,242898,9,false,3,4,74,1,3,0,0,0,1,0,0,0,13,0.16,0.18,0.34,0.43,6
37,234,243571,9,false,2,4,0,0,0,0,0,0,0,0,0,0,0,0,0,0,0,0
37,247,244860,9,false,3,4,15,0,1,0,0,0,0,0,0,0,3,0,0.02,0.02,0.26,1
37,230,480455,9,false,2,4,90,1,6,0,0,0,1,0,0,0,27,0,0,0,0.69,9
37,248,486385,9,false,4,4,0,0,0,0,0,0,0,0,0,0,0,0,0,0,0,0
37,245,496661,9,false,3,4,0,0,0,0,0,0,0,0,0,0,0,0,0,0,0,0
37,235,499300,9,false,2,4,0,0,0,0,0,0,0,0,0,0,0,0,0,0,0,0
37,243,502697,9,false,3,4,0,0,0,0,0,0,0,0,0,0,0,0,0,0,0,0
37,232,512462,9,false,2,4,15,0,1,0,0,0,0,0,0,0,2,0,0,0,0.26,1
37,246,513466,9,false,3,4,0,0,0,0,0,0,0,0,0,0,0,0,0,0,0,0
37,242,550615,9,false,3,4,64,1,3,0,0,0,1,0,0,0,13,0.05,0.15,0.2,0.39,3
37,249,586309,9,false,4,4,90,1,2,0,0,0,1,0,0,0,5,0.67,0.03,0.7,0.69,2
37,244,609873,9,false,3,4,90,1,3,0,0,0,1,0,0,0,6,0,0.02,0.02,0.69,5
37,654,629068,9,false,3,4,0,0,0,0,0,0,0,0,0,0,0,0,0,0,0,0
37,497,67089,19,true,1,4,0,0,0,0,0,0,0,0,0,0,0,0,0,0,0,0
37,147,109646,19,true,2,4,5,0,1,0,0,0,0,0,0,0,5,0,0,0,0.03,4
37,508,115556,19,true,2,4,0,0,0,0,0,0,0,0,0,0,0,0,0,0,0,0
37,502,122798,19,true,2,4,90,1,7,0,0,0,1,0,0,1,30,0.07,0.09,0.16,1.11,2
37,526,154566,19,true,4,4,62,1,2,0,0,0,1,0,0,0,4,0,0.01,0.01,0.67,2
37,515,172780,19,true,3,4,13,0,1,0,0,0,0,0,0,0,3,0,0.01,0.01,0.03,3
37,494,184254,19,true,1,4,0,0,0,0,0,0,0,0,0,0,0,0,0,0,0,0
37,516,202993,19,true,3,4,62,1,3,0,0,0,1,0,0,0,15,0,0.04,0.04,0.67,10
37,527,212319,19,true,4,4,0,0,0,0,0,0,0,0,0,0,0,0,0,0,0,0
37,495,214572,19,true,1,4,0,0,0,0,0,0,0,0,0,0,0,0,0,0,0,0
37,498,221466,19,true,2,4,0,0,0,0,0,0,0,0,0,0,0,0,0,0,0,0
37,500,221632,19,true,2,4,0,0,0,0,0,0,0,0,0,0,0,0,0,0,0,0
37,519,232787,19,true,3,4,0,0,0,0,0,0,0,0,0,0,0,0,0,0,0,0
37,505,232859,19,true,2,4,0,0,0,0,0,0,0,0,0,0,0,0,0,0,0,0
37,455,432422,19,true,3,4,90,1,3,0,0,0,1,0,0,0,16,0.09,0.31,0.4,1.11,11
37,401,438234,19,true,4,4,76,1,2,0,0,0,1,0,0,0,9,0.02,0.03,0.05,1.08,5
37,499,441164,19,true,2,4,0,0,0,0,0,0,0,0,0,0,0,0,0,0,0,0
37,521,445044,19,true,3,4,0,0,0,0,0,0,0,0,0,0,0,0,0,0,0,0
37,512,460842,19,true,3,4,27,0,1,0,0,0,0,0,0,0,8,0,0.05,0.05,0.44,2
37,578,465920,19,true,3,4,0,0,0,0,0,0,0,0,0,0,0,0,0,0,0,0
37,112,469142,19,true,2,4,90,1,8,0,0,0,1,0,0,0,27,0.14,0.05,0.19,1.11,13
37,518,482442,19,true,3,4,0,0,0,0,0,0,0,0,0,0,0,0,0,0,0,0
37,496,485055,19,true,1,4,90,1,7,0,0,0,1,0,3,0,29,0,0,0,1.11,0
37,506,487053,19,true,2,4,0,0,0,0,0,0,0,0,0,0,0,0,0,0,0,0
37,528,490145,19,true,4,4,0,0,0,0,0,0,0,0,0,0,0,0,0,0,0,0
37,503,491279,19,true,2,4,90,1,6,0,0,0,1,0,0,0,27,0,0.02,0.02,1.11,6
37,513,493362,19,true,3,4,0,0,0,0,0,0,0,0,0,0,0,0,0,0,0,0
37,510,499716,19,true,2,4,0,0,0,0,0,0,0,0,0,0,0,0,0,0,0,0
37,523,499721,19,true,3,4,0,0,0,0,0,0,0,0,0,0,0,0,0,0,0,0
37,524,499726,19,true,3,4,0,0,0,0,0,0,0,0,0,0,0,0,0,0,0,0
37,403,510281,19,true,3,4,90,1,3,0,0,0,1,0,0,0,22,0.1,0.26,0.36,1.11,6
37,514,511499,19,true,3,4,27,0,1,0,0,0,0,0,0,0,3,0.01,0.09,0.1,0.44,0
37,522,547701,19,true,3,4,84,1,3,0,0,0,1,0,0,0,13,0.09,0.03,0.12,1.08,11
37,507,548308,19,true,2,4,0,0,0,0,0,0,0,0,0,0,0,0,0,0,0,0
37,517,550839,19,true,3,4,0,0,0,0,0,0,0,0,0,0,0,0,0,0,0,0
37,525,551226,19,true,3,4,62,1,3,0,0,0,1,0,0,0,15,0.11,0.03,0.14,0.67,4
37,520,570526,19,true,3,4,27,0,1,0,0,0,0,0,0,0,8,0.06,0.25,0.31,0.44,4
37,601,611917,19,true,3,4,0,0,0,0,0,0,0,0,0,0,0,0,0,0,0,0
37,511,616221,19,true,2,4,0,0,0,0,0,0,0,0,0,0,0,0,0,0,0,0
37,509,640419,19,true,2,4,0,0,0,0,0,0,0,0,0,0,0,0,0,0,0,0
38,111,49262,5,false,1,4,0,0,0,0,0,0,0,0,0,0,0,0,0,0,0,0
38,124,60307,5,false,3,4,90,1,17,1,2,0,1,0,0,3,56,0.82,0.19,1.01,1.33,6
38,116,83299,5,false,2,4,90,1,12,1,0,0,1,0,0,0,39,0.03,0.03,0.06,1.33,6
38,114,204120,5,false,2,4,77,1,6,0,0,0,1,0,0,0,25,0.01,0.03,0.04,1.11,9
38,126,219249,5,false,3,4,6,0,1,0,0,0,0,0,0,0,4,0,0.01,0.01,0.04,1
38,328,222694,5,false,2,4,12,0,1,0,0,0,0,0,0,0,4,0,0.01,0.01,0.22,4
38,118,223434,5,false,2,4,0,0,0,0,0,0,0,0,0,0,0,0,0,0,0,0
38,113,231416,5,false,2,4,90,1,6,0,0,0,1,0,0,0,24,0,0.09,0.09,1.33,2
38,121,451340,5,false,3,4,0,0,0,0,0,0,0,0,0,0,0,0,0,0,0,0
38,119,451490,5,false,2,4,6,0,1,0,0,0,0,0,0,0,3,0,0,0,0.04,1
38,120,454490,5,false,2,4,0,0,0,0,0,0,0,0,0,0,0,0,0,0,0,0
38,125,463067,5,false,4,4,0,0,0,0,0,0,0,0,0,0,0,0,0,0,0,0
38,115,465730,5,false,2,4,90,1,11,0,1,0,1,0,0,2,41,0.03,0.04,0.07,1.33,1
38,130,467779,5,false,2,4,0,0,0,0,0,0,0,0,0,0,0,0,0,0,0,0
38,652,471551,5,false,3,4,0,0,0,0,0,0,0,0,0,0,0,0,0,0,0,0
38,139,487117,5,false,4,4,0,0,0,0,0,0,0,0,0,0,0,0,0,0,0,0
38,109,489639,5,false,1,4,90,1,8,0,0,0,1,0,6,0,39,0,0,0,1.33,0
38,129,509416,5,false,3,4,90,1,8,1,0,0,1,0,0,0,38,0.31,0.03,0.34,1.33,7
38,614,512123,5,false,2,4,0,0,0,0,0,0,0,0,0,0,0,0,0,0,0,0
38,127,514254,5,false,3,4,83,1,3,0,0,0,1,0,0,0,6,0.14,0.06,0.2,1.3,3
38,624,519324,5,false,3,4,0,0,0,0,0,0,0,0,0,0,0,0,0,0,0,0
38,123,532529,5,false,3,4,0,0,0,0,0,0,0,0,0,0,0,0,0,0,0,0
38,128,536916,5,false,3,4,0,0,0,0,0,0,0,0,0,0,0,0,0,0,0,0
38,594,538007,5,false,4,4,0,0,0,0,0,0,0,0,0,0,0,0,0,0,0,0
38,133,549074,5,false,3,4,0,0,0,0,0,0,0,0,0,0,0,0,0,0,0,0
38,117,550090,5,false,2,4,0,0,0,0,0,0,0,0,0,0,0,0,0,0,0,0
38,134,556637,5,false,3,4,0,0,0,0,0,0,0,0,0,0,0,0,0,0,0,0
38,122,592031,5,false,3,4,0,0,0,0,0,0,0,0,0,0,0,0,0,0,0,0
38,639,592984,5,false,3,4,25,0,4,0,1,0,0,0,0,0,10,0.24,0.01,0.25,0.22,4
38,132,597320,5,false,3,4,0,0,0,0,0,0,0,0,0,0,0,0,0,0,0,0
38,137,608181,5,false,4,4,0,0,0,0,0,0,0,0,0,0,0,0,0,0,0,0
38,504,610799,5,false,2,4,77,1,6,0,0,0,1,0,0,0,27,0.11,0.01,0.12,1.11,9
38,605,611695,5,false,3,4,64,1,8,1,0,0,1,0,0,0,29,0.67,0.01,0.68,1.11,6
38,600,612855,5,false,3,4,12,0,1,0,0,0,0,0,0,0,2,0.05,0.01,0.06,0.22,1
38,138,647850,5,false,4,4,83,1,10,1,1,0,1,0,0,1,40,0.39,0.01,0.4,1.3,7
38,658,661016,5,false,3,4,0,0,0,0,0,0,0,0,0,0,0,0,0,0,0,0
38,135,700308,5,false,3,4,0,0,0,0,0,0,0,0,0,0,0,0,0,0,0,0
38,623,79602,7,true,1,4,0,0,0,0,0,0,0,0,0,0,0,0,0,0,0,0
38,178,80178,7,true,2,4,0,0,0,0,0,0,0,0,0,0,0,0,0,0,0,0
38,172,110690,7,true,1,4,0,0,0,0,0,0,0,0,0,0,0,0,0,0,0,0
38,184,168144,7,true,3,4,83,1,2,0,0,0,0,4,0,0,9,0.05,0.02,0.07,2.6,3
38,176,173878,7,true,2,4,90,1,0,0,0,0,0,5,0,0,-7,0,0.33,0.33,2.81,3
38,193,176412,7,true,4,4,0,0,0,0,0,0,0,0,0,0,0,0,0,0,0,0
38,584,196100,7,true,3,4,0,0,0,0,0,0,0,0,0,0,0,0,0,0,0,0
38,179,204813,7,true,2,4,0,0,0,0,0,0,0,0,0,0,0,0,0,0,0,0
38,492,210156,7,true,4,4,52,1,-2,0,0,0,0,5,0,0,-5,0.06,0.01,0.07,1.37,2
38,195,218997,7,true,4,4,0,0,0,0,0,0,0,0,0,0,0,0,0,0,0,0
38,180,220583,7,true,2,4,0,0,0,0,0,0,0,0,0,0,0,0,0,0,0,0
38,188,226965,7,true,3,4,6,0,1,0,0,0,0,1,0,0,3,0,0,0,0.21,0
38,194,230730,7,true,4,4,17,0,1,0,0,0,0,2,0,0,7,0.21,0.03,0.24,0.64,0
38,91,231065,7,true,2,4,90,1,2,0,0,0,0,5,0,0,-11,0.01,0,0.01,2.81,10
38,186,241293,7,true,3,4,59,1,1,0,0,0,0,2,0,0,5,0.49,0.01,0.5,1.37,4
38,655,242893,7,true,3,4,0,0,0,0,0,0,0,0,0,0,0,0,0,0,0,0
38,104,428580,7,true,3,4,72,1,2,0,0,0,0,3,0,0,11,0.03,0.01,0.04,2.16,7
38,174,436761,7,true,2,4,0,0,0,0,0,0,0,0,0,0,0,0,0,0,0,0
38,187,439668,7,true,3,4,0,0,0,0,0,0,0,0,0,0,0,0,0,0,0,0
38,175,451284,7,true,2,4,90,1,0,0,0,0,0,5,0,0,-5,0,0.04,0.04,2.81,7
38,173,461102,7,true,2,4,90,1,0,0,0,0,0,5,0,0,-17,0.19,0.07,0.26,2.81,8
38,177,465390,7,true,2,4,0,0,0,0,0,0,0,0,0,0,0,0,0,0,0,0
38,190,469272,7,true,3,4,0,0,0,0,0,0,0,0,0,0,0,0,0,0,0,0
38,110,472739,7,true,1,4,90,1,0,0,0,0,0,5,2,0,-5,0,0.01,0.01,2.81,0
38,183,480457,7,true,3,4,72,1,2,0,0,0,0,3,0,0,11,0.33,0.73,1.06,2.16,5
38,171,484389,7,true,1,4,0,0,0,0,0,0,0,0,0,0,0,0,0,0,0,0
38,191,492498,7,true,3,4,0,0,0,0,0,0,0,0,0,0,0,0,0,0,0,0
38,185,501459,7,true,3,4,0,0,0,0,0,0,0,0,0,0,0,0,0,0,0,0
38,182,539142,7,true,2,4,90,1,0,0,0,0,0,5,0,0,-12,0,0,0,2.81,8
38,197,549653,7,true,4,4,0,0,0,0,0,0,0,0,0,0,0,0,0,0,0,0
38,196,551262,7,true,4,4,0,0,0,0,0,0,0,0,0,0,0,0,0,0,0,0
38,656,566213,7,true,2,4,0,0,0,0,0,0,0,0,0,0,0,0,0,0,0,0
38,181,577411,7,true,2,4,0,0,0,0,0,0,0,0,0,0,0,0,0,0,0,0
38,599,627221,7,true,4,4,30,0,1,0,0,0,0,3,0,0,3,0,0,0,1.43,1
38,192,629397,7,true,3,4,0,0,0,0,0,0,0,0,0,0,0,0,0,0,0,0
38,575,661888,7,true,3,4,17,0,1,0,0,0,0,2,0,0,3,0,0.01,0.01,0.64,0
38,189,684268,7,true,3,4,0,0,0,0,0,0,0,0,0,0,0,0,0,0,0,0
39,406,91651,15,false,3,4,0,0,0,0,0,0,0,0,0,0,0,0,0,0,0,0
39,587,106921,15,false,1,4,0,0,0,0,0,0,0,0,0,0,0,0,0,0,0,0
39,386,122074,15,false,1,4,0,0,0,0,0,0,0,0,0,0,0,0,0,0,0,0
39,408,155405,15,false,3,4,0,0,0,0,0,0,0,0,0,0,0,0,0,0,0,0
39,390,171314,15,false,2,4,90,1,6,0,0,0,1,0,0,0,24,0,0,0,1,7
39,384,204936,15,false,1,4,90,1,7,0,0,0,1,0,3,0,29,0,0,0,1,0
39,388,209036,15,false,2,4,90,1,6,0,0,0,1,0,0,0,27,0,0,0,1,7
39,398,209244,15,false,3,4,22,1,-2,0,0,0,0,0,0,0,-4,0,0.02,0.02,0.1,0
39,481,215379,15,false,3,4,90,1,5,0,0,0,1,0,0,0,18,0,0.01,0.01,1,14
39,402,220566,15,false,3,4,0,0,0,0,0,0,0,0,0,0,0,0,0,0,0,0
39,411,223094,15,false,4,4,90,1,9,1,0,0,1,0,0,3,36,0.87,0.01,0.88,1,3
39,400,248875,15,false,3,4,0,0,0,0,0,0,0,0,0,0,0,0,0,0,0,0
39,404,433036,15,false,3,4,0,0,0,0,0,0,0,0,0,0,0,0,0,0,0,0
39,397,437730,15,false,3,4,90,1,3,0,0,0,1,0,0,0,7,0,0.06,0.06,1,3
39,237,440993,15,false,3,4,45,0,1,0,0,0,0,0,0,0,15,0,0.01,0.01,0.8,10
39,155,448047,15,false,3,4,81,1,2,0,0,0,1,0,0,0,17,0.18,0.13,0.31,0.5,10
39,392,448514,15,false,2,4,0,0,0,0,0,0,0,0,0,0,0,0,0,0,0,0
39,389,465351,15,false,2,4,90,1,9,0,0,0,1,0,0,1,34,0,0.01,0.01,1,11
39,399,466052,15,false,3,4,45,1,1,0,0,0,0,0,0,0,4,0.03,0.06,0.09,0.2,1
39,387,472769,15,false,2,4,8,0,1,0,0,0,0,0,0,0,3,0,0,0,0.5,0
39,395,477064,15,false,2,4,0,0,0,0,0,0,0,0,0,0,0,0,0,0,0,0
39,391,477424,15,false,2,4,90,1,11,0,1,0,1,0,0,3,36,0.02,0,0.02,1,7
39,394,494307,15,false,2,4,0,0,0,0,0,0,0,0,0,0,0,0,0,0,0,0
39,622,554054,15,false,2,4,0,0,0,0,0,0,0,0,0,0,0,0,0,0,0,0
39,407,575204,15,false,3,4,0,0,0,0,0,0,0,0,0,0,0,0,0,0,0,0
39,393,578153,15,false,2,4,0,0,0,0,0,0,0,0,0,0,0,0,0,0,0,0
39,409,590039,15,false,3,4,0,0,0,0,0,0,0,0,0,0,0,0,0,0,0,0
39,653,595480,15,false,3,4,0,0,0,0,0,0,0,0,0,0,0,0,0,0,0,0
39,396,616222,15,false,2,4,0,0,0,0,0,0,0,0,0,0,0,0,0,0,0,0
39,621,616288,15,false,3,4,0,0,0,0,0,0,0,0,0,0,0,0,0,0,0,0
39,628,624777,15,false,3,4,0,0,0,0,0,0,0,0,0,0,0,0,0,0,0,0
39,616,637238,15,false,3,4,0,0,0,0,0,0,0,0,0,0,0,0,0,0,0,0
39,410,649208,15,false,3,4,0,0,0,0,0,0,0,0,0,0,0,0,0,0,0,0
39,414,21205,16,true,1,4,0,0,0,0,0,0,0,0,0,0,0,0,0,0,0,0
39,325,59735,16,true,1,4,0,0,0,0,0,0,0,0,0,0,0,0,0,0,0,0
39,418,95658,16,true,2,4,90,1,1,0,0,0,0,1,0,0,4,0.12,0.01,0.13,1.1,5
39,423,106760,16,true,2,4,0,0,0,0,0,0,0,0,0,0,0,0,0,0,0,0
39,426,141746,16,true,3,4,90,1,2,0,0,0,0,1,0,0,17,0.03,0.33,0.36,1.1,7
39,43,166989,16,true,3,4,66,1,2,0,0,0,0,1,0,0,15,0,0.04,0.04,0.53,5
39,429,176297,16,true,3,4,82,1,2,0,0,0,0,1,0,0,6,0.12,0.08,0.2,1.08,5
39,430,184341,16,true,3,4,0,0,0,0,0,0,0,0,0,0,0,0,0,0,0,0
39,416,209365,16,true,2,4,0,0,0,0,0,0,0,0,0,0,0,0,0,0,0,0
39,417,216051,16,true,2,4,90,1,2,0,0,0,0,1,0,0,9,0.02,0.05,0.07,1.1,3
39,419,221820,16,true,2,4,90,1,2,0,0,0,0,1,0,0,14,0.03,0.08,0.11,1.1,6
39,422,230001,16,true,2,4,0,0,0,0,0,0,0,0,0,0,0,0,0,0,0,0
39,433,232112,16,true,3,4,0,0,0,0,0,0,0,0,0,0,0,0,0,0,0,0
39,428,430871,16,true,3,4,90,1,2,0,0,0,0,1,0,0,8,0.11,0.03,0.14,1.1,2
39,427,446008,16,true,3,4,90,1,2,0,0,0,0,1,0,0,9,0.49,0.08,0.57,1.1,5
39,413,451302,16,true,1,4,0,0,0,0,0,0,0,0,0,0,0,0,0,0,0,0
39,440,458249,16,true,4,4,7,0,1,0,0,0,0,0,0,0,4,0,0.01,0.01,0.02,3
39,412,465247,16,true,1,4,90,1,2,0,0,0,0,1,1,0,5,0,0,0,1.1,0
39,439,485711,16,true,4,4,23,0,1,0,0,0,0,0,0,0,4,0.06,0,0.06,0.57,2
39,436,490881,16,true,3,4,0,0,0,0,0,0,0,0,0,0,0,0,0,0,0,0
39,431,493250,16,true,3,4,0,0,0,0,0,0,0,0,0,0,0,0,0,0,0,0
39,432,516895,16,true,3,4,90,1,4,0,0,0,0,1,0,0,20,0.03,0.07,0.1,1.1,13
39,438,519913,16,true,3,4,0,0,0,0,0,0,0,0,0,0,0,0,0,0,0,0
39,162,532605,16,true,3,4,0,0,0,0,0,0,0,0,0,0,0,0,0,0,0,0
39,131,535301,16,true,3,4,0,0,0,0,0,0,0,0,0,0,0,0,0,0,0,0
39,434,547037,16,true,3,4,0,0,0,0,0,0,0,0,0,0,0,0,0,0,0,0
39,425,547676,16,true,2,4,0,0,0,0,0,0,0,0,0,0,0,0,0,0,0,0
39,420,550864,16,true,2,4,0,0,0,0,0,0,0,0,0,0,0,0,0,0,0,0
39,437,576620,16,true,3,4,0,0,0,0,0,0,0,0,0,0,0,0,0,0,0,0
39,435,576628,16,true,3,4,0,0,0,0,0,0,0,0,0,0,0,0,0,0,0,0
39,424,577974,16,true,2,4,0,0,0,0,0,0,0,0,0,0,0,0,0,0,0,0
39,441,596047,16,true,4,4,0,0,0,0,0,0,0,0,0,0,0,0,0,0,0,0
39,415,596777,16,true,3,4,90,1,4,0,0,0,0,1,0,0,19,0,0.03,0.03,1.1,12
39,421,606745,16,true,2,4,0,0,0,0,0,0,0,0,0,0,0,0,0,0,0,0
40,625,97846,13,true,1,4,0,0,0,0,0,0,0,0,0,0,0,0,0,0,0,0
40,260,153682,13,true,3,4,18,0,1,0,0,0,0,1,0,0,4,0,0.03,0.03,0.3,2
40,629,155465,13,true,1,4,0,0,0,0,0,0,0,0,0,0,0,0,0,0,0,0
40,598,173774,13,true,2,4,90,1,2,0,0,0,0,1,0,0,8,0.05,0,0.05,0.88,9
40,347,174594,13,true,4,4,12,0,1,0,0,0,0,1,0,0,4,0,0.01,0.01,0.28,1
40,346,177815,13,true,4,4,77,1,10,1,1,0,1,0,0,2,37,0.87,0,0.87,0.59,5
40,339,180135,13,true,3,4,2,0,1,0,0,0,0,1,0,0,4,0,0,0,0.28,0
40,338,199598,13,true,3,4,90,1,7,0,1,0,0,1,0,0,25,0.07,0.02,0.09,0.88,12
40,343,200617,13,true,3,4,7,0,1,0,0,0,0,1,0,0,4,0.11,0,0.11,0.28,2
40,326,201595,13,true,1,4,0,0,0,0,0,0,0,0,0,0,0,0,0,0,0,0
40,329,214225,13,true,2,4,0,0,0,0,0,0,0,0,0,0,0,0,0,0,0,0
40,332,220627,13,true,2,4,90,1,2,0,0,0,0,1,0,0,11,0,0.28,0.28,0.88,5
40,342,221399,13,true,3,4,0,0,0,0,0,0,0,0,0,0,0,0,0,0,0,0
40,330,226182,13,true,2,4,82,1,15,1,0,0,1,0,0,3,45,0.41,0.05,0.46,0.59,3
40,348,235826,13,true,4,4,0,0,0,0,0,0,0,0,0,0,0,0,0,0,0,0
40,331,243526,13,true,2,4,72,1,6,0,0,0,1,0,0,0,26,0,0.18,0.18,0.58,4
40,345,248056,13,true,3,4,71,1,6,0,1,0,1,0,0,0,24,0.06,0.03,0.09,0.58,5
40,337,427637,13,true,3,4,18,0,1,0,0,0,0,1,0,0,4,0,0,0,0.3,1
40,385,432720,13,true,1,4,90,1,3,0,0,0,0,1,4,0,17,0,0,0,0.88,0
40,327,434752,13,true,2,4,0,0,0,0,0,0,0,0,0,0,0,0,0,0,0,0
40,336,435997,13,true,3,4,71,1,9,1,0,0,1,0,0,1,35,0.07,0.08,0.15,0.58,6
40,641,437497,13,true,2,4,18,0,1,0,0,0,0,1,0,0,1,0,0,0,0.3,2
40,333,437738,13,true,2,4,0,0,0,0,0,0,0,0,0,0,0,0,0,0,0,0
40,335,466525,13,true,3,4,87,1,3,0,0,0,1,0,0,0,16,0.43,0.07,0.5,0.59,10
40,344,486520,13,true,3,4,0,0,0,0,0,0,0,0,0,0,0,0,0,0,0,0
40,341,492859,13,true,3,4,0,0,0,0,0,0,0,0,0,0,0,0,0,0,0,0
40,334,522047,13,true,2,4,90,1,7,0,1,0,0,1,0,0,27,0,0.02,0.02,0.88,11
40,349,565297,13,true,4,4,0,0,0,0,0,0,0,0,0,0,0,0,0,0,0,0
40,648,587982,13,true,3,4,0,0,0,0,0,0,0,0,0,0,0,0,0,0,0,0
40,604,592740,13,true,3,4,0,0,0,0,0,0,0,0,0,0,0,0,0,0,0,0
40,603,643970,13,true,2,4,0,0,0,0,0,0,0,0,0,0,0,0,0,0,0,0
40,448,78916,17,false,2,4,0,0,0,0,0,0,0,0,0,0,0,0,0,0,0,0
40,443,81441,17,false,1,4,0,0,0,0,0,0,0,0,0,0,0,0,0,0,0,0
40,442,98747,17,false,1,4,0,0,0,0,0,0,0,0,0,0,0,0,0,0,0,0
40,457,114243,17,false,3,4,56,1,0,0,0,0,0,3,0,0,2,0,0.14,0.14,1.91,4
40,446,119471,17,false,2,4,0,0,0,0,0,0,0,0,0,0,0,0,0,0,0,0
40,458,180974,17,false,3,4,0,0,0,0,0,0,0,0,0,0,0,0,0,0,0,0
40,460,200089,17,false,3,4,32,0,1,0,0,0,0,1,0,0,8,0.12,0.06,0.18,0.16,4
40,453,201666,17,false,3,4,90,1,2,0,0,0,0,4,0,0,13,0.29,0.31,0.6,2.08,6
40,464,216646,17,false,4,4,90,1,2,0,0,0,0,4,0,0,3,0.16,0,0.16,2.08,5
40,447,220237,17,false,2,4,90,1,2,0,0,0,0,4,0,0,2,0,0,0,2.08,17
40,456,232653,17,false,3,4,0,0,0,0,0,0,0,0,0,0,0,0,0,0,0,0
40,450,441191,17,false,2,4,32,0,3,0,1,0,0,1,0,0,9,0,0.01,0.01,0.16,3
40,454,449434,17,false,3,4,0,0,0,0,0,0,0,0,0,0,0,0,0,0,0,0
40,593,463726,17,false,2,4,57,1,0,0,0,0,0,3,0,0,-3,0,0,0,1.91,6
40,445,465642,17,false,2,4,90,1,2,0,0,0,0,4,0,0,-6,0,0,0,2.08,11
40,405,465694,17,false,3,4,18,1,1,0,0,0,0,0,0,0,3,0,0,0,0.27,1
40,463,470313,17,false,4,4,0,0,0,0,0,0,0,0,0,0,0,0,0,0,0,0
40,567,470551,17,false,1,4,90,1,1,0,0,0,0,4,3,0,2,0,0,0,2.08,0
40,449,487838,17,false,2,4,90,1,0,0,0,0,0,4,0,0,9,0.02,0.01,0.03,2.08,6
40,465,538207,17,false,4,4,0,0,0,0,0,0,0,0,0,0,0,0,0,0,0,0
40,451,545477,17,false,2,4,0,0,0,0,0,0,0,0,0,0,0,0,0,0,0,0
40,459,547719,17,false,3,4,79,1,0,0,0,1,0,4,0,0,9,0,0.03,0.03,1.97,10
40,609,553746,17,false,2,4,0,0,0,0,0,0,0,0,0,0,0,0,0,0,0,0
40,444,554578,17,false,1,4,0,0,0,0,0,0,0,0,0,0,0,0,0,0,0,0
40,466,599303,17,false,4,4,0,0,0,0,0,0,0,0,0,0,0,0,0,0,0,0
40,461,611665,17,false,3,4,33,0,6,1,0,0,0,1,0,0,24,0.28,0.01,0.29,0.16,2
40,634,613221,17,false,4,4,57,1,1,0,0,0,0,3,0,0,5,0,0.01,0.01,1.91,2
40,559,632794,17,false,3,4,10,0,1,0,0,0,0,0,0,0,4,0,0,0,0.11,2
40,462,636852,17,false,3,4,71,0,2,0,0,0,0,4,0,0,14,0,0.03,0.03,1.81,7
40,659,665243,17,false,3,4,0,0,0,0,0,0,0,0,0,0,0,0,0,0,0,0
41,108,75115,4,true,4,5,0,0,0,0,0,0,0,0,0,0,0,0,0,0,0,0
41,103,183656,4,true,3,5,0,0,0,0,0,0,0,0,0,0,0,0,0,0,0,0
41,87,191866,4,true,2,5,90,1,7,0,0,0,1,0,0,1,29,0,0.05,0.05,0.83,9
41,89,194010,4,true,2,5,0,0,0,0,0,0,0,0,0,0,0,0,0,0,0,0
41,82,200720,4,true,1,5,90,1,6,0,0,0,1,0,2,0,27,0,0,0,0.83,0
41,98,204580,4,true,3,5,90,1,3,0,0,0,1,0,0,0,13,0.03,0.04,0.07,0.83,9
41,97,207283,4,true,3,5,0,0,0,0,0,0,0,0,0,0,0,0,0,0,0,0
41,661,235448,4,true,1,5,0,0,0,0,0,0,0,0,0,0,0,0,0,0,0,0
41,100,244858,4,true,3,5,3,0,6,1,0,0,0,0,0,0,23,0.43,0,0.43,0.13,0
41,86,249231,4,true,3,5,80,1,3,0,0,0,1,0,0,0,15,0.15,0.01,0.16,0.7,9
41,84,432830,4,true,2,5,0,0,0,0,0,0,0,0,0,0,0,0,0,0,0,0
41,96,440089,4,true,3,5,86,1,3,0,0,0,1,0,0,0,15,0.04,0.28,0.32,0.7,10
41,105,444180,4,true,3,5,80,1,10,1,0,0,1,0,0,2,31,0.96,0.02,0.98,0.7,2
41,85,444765,4,true,2,5,0,0,0,0,0,0,0,0,0,0,0,0,0,0,0,0
41,90,472713,4,true,2,5,21,0,1,0,0,0,0,0,0,0,5,0,0.01,0.01,0.28,4
41,106,502500,4,true,4,5,90,1,5,1,0,0,1,0,0,0,26,0.72,0.03,0.75,0.83,3
41,83,507433,4,true,1,5,0,0,0,0,0,0,0,0,0,0,0,0,0,0,0,0
41,102,508395,4,true,3,5,68,1,3,0,0,0,1,0,0,0,19,0.03,0.06,0.09,0.55,10
41,93,513086,4,true,2,5,90,1,14,0,1,0,1,0,0,3,43,0,0.52,0.52,0.83,16
41,94,513418,4,true,3,5,90,1,9,0,2,0,1,0,0,0,27,0.54,0.02,0.56,0.83,7
41,565,513545,4,true,3,5,21,0,0,0,0,0,0,0,0,0,0,0,0,0,0.28,3
41,95,533463,4,true,3,5,9,0,1,0,0,0,0,0,0,0,2,0,0,0,0.13,0
41,99,543295,4,true,3,5,0,0,0,0,0,0,0,0,0,0,0,0,0,0,0,0
41,92,570241,4,true,2,5,0,0,0,0,0,0,0,0,0,0,0,0,0,0,0,0
41,107,593174,4,true,4,5,0,0,0,0,0,0,0,0,0,0,0,0,0,0,0,0
41,88,607464,4,true,2,5,68,1,6,0,0,0,1,0,0,0,20,0,0.07,0.07,0.55,2
41,660,612534,4,true,2,5,0,0,0,0,0,0,0,0,0,0,0,0,0,0,0,0
41,620,613804,4,true,2,5,9,0,1,0,0,0,0,0,0,0,3,0,0,0,0.13,1
41,657,626464,4,true,3,5,0,0,0,0,0,0,0,0,0,0,0,0,0,0,0,0
41,136,50175,6,false,4,5,70,1,2,0,0,0,0,1,0,0,8,0,0.08,0.08,1.45,4
41,101,56979,6,false,3,5,90,1,2,0,0,0,0,3,0,0,16,0,0.08,0.08,2.65,10
41,28,98980,6,false,1,5,90,1,2,0,0,0,0,3,3,0,7,0,0,0,2.65,0
41,143,180736,6,false,2,5,0,0,0,0,0,0,0,0,0,0,0,0,0,0,0,0
41,140,215059,6,false,1,5,0,0,0,0,0,0,0,0,0,0,0,0,0,0,0,0
41,142,225796,6,false,2,5,0,0,0,0,0,0,0,0,0,0,0,0,0,0,0,0
41,146,242880,6,false,2,5,0,0,0,0,0,0,0,0,0,0,0,0,0,0,0,0
41,40,244850,6,false,3,5,90,1,2,0,0,0,0,3,0,0,17,0.33,0.07,0.4,2.65,8
41,154,244851,6,false,3,5,90,1,2,0,0,0,0,3,0,0,21,0.13,0.18,0.31,2.65,6
41,156,247632,6,false,3,5,86,1,2,0,0,0,0,2,0,0,13,0.16,0.05,0.21,2.22,6
41,200,437499,6,false,2,5,90,1,3,0,0,0,0,3,0,0,-1,0.13,0.01,0.14,2.65,12
41,145,444463,6,false,2,5,70,1,4,0,0,0,0,1,0,0,11,0,0,0,1.45,15
41,149,460028,6,false,2,5,90,1,1,0,0,0,0,3,0,0,1,0,0.01,0.01,2.65,7
41,158,463936,6,false,3,5,0,0,0,0,0,0,0,0,0,0,0,0,0,0,0,0
41,165,475168,6,false,4,5,0,0,0,0,0,0,0,0,0,0,0,0,0,0,0,0
41,144,482609,6,false,2,5,0,0,0,0,0,0,0,0,0,0,0,0,0,0,0,0
41,159,486672,6,false,3,5,0,0,0,0,0,0,0,0,0,0,0,0,0,0,0,0
41,163,491007,6,false,3,5,0,0,0,0,0,0,0,0,0,0,0,0,0,0,0,0
41,583,498444,6,false,2,5,90,1,1,0,0,0,0,3,0,0,7,0.04,0.04,0.08,2.65,9
41,168,499309,6,false,4,5,0,0,0,0,0,0,0,0,0,0,0,0,0,0,0,0
41,170,503037,6,false,4,5,0,0,0,0,0,0,0,0,0,0,0,0,0,0,0,0
41,141,508479,6,false,1,5,0,0,0,0,0,0,0,0,0,0,0,0,0,0,0,0
41,161,514356,6,false,3,5,0,0,0,0,0,0,0,0,0,0,0,0,0,0,0,0
41,568,543158,6,false,3,5,86,1,2,0,0,0,0,2,0,0,21,0.03,0.02,0.05,2.22,9
41,560,549939,6,false,1,5,0,0,0,0,0,0,0,0,0,0,0,0,0,0,0,0
41,148,551210,6,false,2,5,0,0,0,0,0,0,0,0,0,0,0,0,0,0,0,0
41,169,567119,6,false,4,5,0,0,0,0,0,0,0,0,0,0,0,0,0,0,0,0
41,150,574458,6,false,2,5,0,0,0,0,0,0,0,0,0,0,0,0,0,0,0,0
41,151,577016,6,false,2,5,19,0,0,0,0,0,0,2,0,0,-4,0,0.01,0.01,1.2,1
41,164,593117,6,false,3,5,19,0,1,0,0,0,0,2,0,0,3,0.03,0.01,0.04,1.2,0
41,152,620109,6,false,2,5,0,0,0,0,0,0,0,0,0,0,0,0,0,0,0,0
41,561,622758,6,false,2,5,0,0,0,0,0,0,0,0,0,0,0,0,0,0,0,0
41,157,624773,6,false,3,5,3,0,1,0,0,0,0,1,0,0,3,0,0,0,0.43,0
41,662,636846,6,false,3,5,3,0,1,0,0,0,0,1,0,0,5,0,0,0,0.43,2
42,2,109745,1,false,1,5,0,0,0,0,0,0,0,0,0,0,0,0,0,0,0,0
42,1,154561,1,false,1,5,90,1,1,0,0,0,0,3,2,0,6,0,0,0,1.31,0
42,15,184029,1,false,3,5,72,1,2,0,0,0,0,3,0,0,10,0.07,0.02,0.09,0.77,2
42,17,195384,1,false,3,5,30,0,1,0,0,0,0,0,0,0,4,0,0.13,0.13,0.7,4
42,10,198869,1,false,2,5,0,0,0,0,0,0,0,0,0,0,0,0,0,0,0,0
42,31,199798,1,false,2,5,90,1,1,0,0,0,0,3,0,0,2,0.23,0.01,0.24,1.31,4
42,24,200641,1,false,3,5,0,0,0,0,0,0,0,0,0,0,0,0,0,0,0,0
42,13,204480,1,false,3,5,90,1,1,0,0,0,0,3,0,0,13,0.02,0.06,0.08,1.31,8
42,27,205651,1,false,4,5,0,0,0,0,0,0,0,0,0,0,0,0,0,0,0,0
42,452,208706,1,false,3,5,59,1,1,0,0,0,0,3,0,0,12,0,0.01,0.01,0.61,6
42,26,219847,1,false,4,5,90,1,2,0,0,0,0,3,0,0,5,0.78,0.02,0.8,1.31,3
42,12,223340,1,false,3,5,80,1,2,0,0,0,0,3,0,0,14,0.34,0.55,0.89,1,2
42,25,224117,1,false,4,5,17,0,1,0,0,0,0,0,0,0,5,0,0.23,0.23,0.54,0
42,4,226597,1,false,2,5,90,1,1,0,0,0,0,3,0,0,6,0,0.14,0.14,1.31,9
42,14,232413,1,false,3,5,17,0,1,0,0,0,0,0,0,0,5,0,0.02,0.02,0.54,0
42,16,248857,1,false,3,5,0,0,0,0,0,0,0,0,0,0,0,0,0,0,0,0
42,3,437495,1,false,1,5,0,0,0,0,0,0,0,0,0,0,0,0,0,0,0,0
42,23,438098,1,false,3,5,0,0,0,0,0,0,0,0,0,0,0,0,0,0,0,0
42,557,439509,1,false,3,5,72,1,2,0,0,0,0,3,0,0,9,0,0.07,0.07,0.77,3
42,18,444145,1,false,3,5,0,0,0,0,0,0,0,0,0,0,0,0,0,0,0,0
42,5,445122,1,false,2,5,59,1,0,0,0,0,0,3,0,0,-6,0,0.02,0.02,0.61,2
42,9,448104,1,false,2,5,0,0,0,0,0,0,0,0,0,0,0,0,0,0,0,0
42,6,462424,1,false,2,5,0,0,0,0,0,0,0,0,0,0,0,0,0,0,0,0
42,8,466075,1,false,2,5,90,1,1,0,0,0,0,3,0,0,-3,0.07,0.03,0.1,1.31,5
42,19,481655,1,false,3,5,30,0,1,0,0,0,0,0,0,0,2,0.13,0,0.13,0.7,1
42,7,499169,1,false,3,5,0,0,0,0,0,0,0,0,0,0,0,0,0,0,0,0
42,22,499175,1,false,3,5,0,0,0,0,0,0,0,0,0,0,0,0,0,0,0,0
42,11,500040,1,false,2,5,0,0,0,0,0,0,0,0,0,0,0,0,0,0,0,0
42,20,616077,1,false,3,5,9,0,1,0,0,0,0,0,0,0,4,0,0.08,0.08,0.31,0
42,111,49262,5,true,1,5,0,0,0,0,0,0,0,0,0,0,0,0,0,0,0,0
42,124,60307,5,true,3,5,90,1,14,1,1,0,1,0,0,3,47,0.11,0.25,0.36,1.63,5
42,116,83299,5,true,2,5,0,0,0,0,0,0,0,0,0,0,0,0,0,0,0,0
42,114,204120,5,true,2,5,90,1,6,0,0,0,1,0,0,0,24,0.01,0.02,0.03,1.63,7
42,126,219249,5,true,3,5,4,0,1,0,0,0,0,0,0,0,2,0.28,0,0.28,0.14,2
42,328,222694,5,true,2,5,85,1,5,0,0,0,1,0,0,0,24,0.16,0,0.16,1.48,6
42,118,223434,5,true,2,5,0,0,0,0,0,0,0,0,0,0,0,0,0,0,0,0
42,113,231416,5,true,2,5,75,1,5,0,0,0,1,0,0,0,18,0.04,0.02,0.06,0.89,3
42,121,451340,5,true,3,5,0,0,0,0,0,0,0,0,0,0,0,0,0,0,0,0
42,119,451490,5,true,2,5,14,0,1,0,0,0,0,0,0,0,2,0,0.14,0.14,0.74,1
42,120,454490,5,true,2,5,4,0,1,0,0,0,0,0,0,0,5,0,0,0,0.14,1
42,125,463067,5,true,4,5,14,0,1,0,0,0,0,0,0,0,2,0.09,0.01,0.1,0.74,2
42,115,465730,5,true,2,5,90,1,6,0,0,0,1,0,0,1,30,0.02,0.23,0.25,1.63,7
42,130,467779,5,true,2,5,0,0,0,0,0,0,0,0,0,0,0,0,0,0,0,0
42,652,471551,5,true,3,5,0,0,0,0,0,0,0,0,0,0,0,0,0,0,0,0
42,139,487117,5,true,4,5,0,0,0,0,0,0,0,0,0,0,0,0,0,0,0,0
42,109,489639,5,true,1,5,90,1,6,0,0,0,1,0,2,0,27,0,0,0,1.63,0
42,129,509416,5,true,3,5,90,1,3,0,0,0,1,0,0,0,7,0.11,0.08,0.19,1.63,7
42,614,512123,5,true,2,5,0,0,0,0,0,0,0,0,0,0,0,0,0,0,0,0
42,127,514254,5,true,3,5,85,1,8,0,1,0,1,0,0,0,19,0,0.02,0.02,1.48,13
42,624,519324,5,true,3,5,0,0,0,0,0,0,0,0,0,0,0,0,0,0,0,0
42,123,532529,5,true,3,5,0,0,0,0,0,0,0,0,0,0,0,0,0,0,0,0
42,128,536916,5,true,3,5,0,0,0,0,0,0,0,0,0,0,0,0,0,0,0,0
42,594,538007,5,true,4,5,0,0,0,0,0,0,0,0,0,0,0,0,0,0,0,0
42,133,549074,5,true,3,5,0,0,0,0,0,0,0,0,0,0,0,0,0,0,0,0
42,117,550090,5,true,2,5,0,0,0,0,0,0,0,0,0,0,0,0,0,0,0,0
42,134,556637,5,true,3,5,0,0,0,0,0,0,0,0,0,0,0,0,0,0,0,0
42,122,592031,5,true,3,5,0,0,0,0,0,0,0,0,0,0,0,0,0,0,0,0
42,639,592984,5,true,3,5,84,1,8,1,0,0,1,0,0,0,27,0.28,0.11,0.39,1.48,9
42,132,597320,5,true,3,5,0,0,0,0,0,0,0,0,0,0,0,0,0,0,0,0
42,137,608181,5,true,4,5,0,0,0,0,0,0,0,0,0,0,0,0,0,0,0,0
42,504,610799,5,true,2,5,90,1,8,0,0,0,1,0,0,0,27,0,0,0,1.63,12
42,605,611695,5,true,3,5,5,0,1,0,0,0,0,0,0,0,9,0.04,0.18,0.22,0.14,1
42,600,612855,5,true,3,5,0,0,0,0,0,0,0,0,0,0,0,0,0,0,0,0
42,138,647850,5,true,4,5,75,1,10,1,1,0,1,0,0,2,40,0.18,0.01,0.19,0.89,4
42,658,661016,5,true,3,5,0,0,0,0,0,0,0,0,0,0,0,0,0,0,0,0
42,135,700308,5,true,3,5,0,0,0,0,0,0,0,0,0,0,0,0,0,0,0,0
43,229,17761,9,true,2,5,90,1,14,0,1,0,1,0,0,3,43,0.01,0.01,0.02,1.44,12
43,231,106611,9,true,2,5,0,0,0,0,0,0,0,0,0,0,0,0,0,0,0,0
43,226,111234,9,true,1,5,90,1,8,0,0,0,1,0,4,1,34,0,0,0,1.44,0
43,238,114283,9,true,3,5,78,1,3,0,0,0,1,0,0,0,22,0,0.3,0.3,1.06,7
43,21,128295,9,true,3,5,0,0,0,0,0,0,0,0,0,0,0,0,0,0,0,0
43,228,138001,9,true,1,5,0,0,0,0,0,0,0,0,0,0,0,0,0,0,0,0
43,649,154043,9,true,2,5,90,1,8,0,0,0,1,0,0,2,39,0,0.11,0.11,1.28,8
43,236,215413,9,true,3,5,90,1,3,0,0,0,1,0,0,0,10,0.37,0.34,0.71,1.28,7
43,233,224967,9,true,2,5,90,1,5,0,0,0,1,0,0,0,29,0.04,0.02,0.06,1.44,6
43,227,229600,9,true,1,5,0,0,0,0,0,0,0,0,0,0,0,0,0,0,0,0
43,239,232928,9,true,3,5,90,1,3,0,0,0,1,0,0,0,14,0.16,0.04,0.2,1.44,9
43,209,242898,9,true,3,5,65,1,3,0,0,0,1,0,0,0,6,0.82,0,0.82,1.06,8
43,234,243571,9,true,2,5,0,0,0,0,0,0,0,0,0,0,0,0,0,0,0,0
43,247,244860,9,true,3,5,1,0,1,0,0,0,0,0,0,0,3,0,0,0,0.16,0
43,230,480455,9,true,2,5,90,1,8,0,0,0,1,0,0,0,27,0,0,0,1.44,14
43,248,486385,9,true,4,5,0,0,0,0,0,0,0,0,0,0,0,0,0,0,0,0
43,245,496661,9,true,3,5,24,0,1,0,0,0,0,0,0,0,10,0.17,0.16,0.33,0.38,0
43,235,499300,9,true,2,5,0,0,0,0,0,0,0,0,0,0,0,0,0,0,0,0
43,243,502697,9,true,3,5,0,0,0,0,0,0,0,0,0,0,0,0,0,0,0,0
43,232,512462,9,true,2,5,1,0,1,0,0,0,0,0,0,0,3,0,0,0,0.16,1
43,246,513466,9,true,3,5,0,0,0,0,0,0,0,0,0,0,0,0,0,0,0,0
43,242,550615,9,true,3,5,11,0,1,0,0,0,0,0,0,0,4,0.03,0.01,0.04,0.38,2
43,249,586309,9,true,4,5,90,1,6,1,0,0,1,0,0,0,28,0.52,0.01,0.53,1.44,5
43,244,609873,9,true,3,5,90,1,2,0,0,0,1,0,0,0,13,0.12,0.37,0.49,1.44,5
43,654,629068,9,true,3,5,0,0,0,0,0,0,0,0,0,0,0,0,0,0,0,0
43,302,50093,12,false,1,5,0,0,0,0,0,0,0,0,0,0,0,0,0,0,0,0
43,300,108813,12,false,1,5,90,1,2,0,0,0,0,1,1,0,10,0,0.01,0.01,2.24,0
43,301,112520,12,false,1,5,0,0,0,0,0,0,0,0,0,0,0,0,0,0,0,0
43,320,147675,12,false,4,5,9,0,1,0,0,0,0,0,0,0,3,0.17,0,0.17,0.16,0
43,311,149929,12,false,3,5,0,0,0,0,0,0,0,0,0,0,0,0,0,0,0,0
43,319,172453,12,false,3,5,0,0,0,0,0,0,0,0,0,0,0,0,0,0,0,0
43,308,176420,12,false,2,5,0,0,0,0,0,0,0,0,0,0,0,0,0,0,0,0
43,303,183015,12,false,2,5,0,0,0,0,0,0,0,0,0,0,0,0,0,0,0,0
43,267,212314,12,false,3,5,72,1,2,0,0,0,0,1,0,0,14,0,0.25,0.25,1.76,6
43,571,216055,12,false,3,5,17,0,1,0,0,0,0,0,0,0,1,0,0,0,0.48,0
43,304,216616,12,false,2,5,90,1,2,0,0,0,0,1,0,0,12,0,0,0,2.24,9
43,619,218543,12,false,3,5,80,1,2,0,0,0,0,1,0,0,15,0,0.02,0.02,2.07,6
43,259,219924,12,false,2,5,90,1,4,0,0,0,0,1,0,0,13,0.06,0.01,0.07,2.24,10
43,307,222018,12,false,2,5,0,0,0,0,0,0,0,0,0,0,0,0,0,0,0,0
43,317,222625,12,false,4,5,0,0,0,0,0,0,0,0,0,0,0,0,0,0,0,0
43,314,229164,12,false,3,5,0,0,0,0,0,0,0,0,0,0,0,0,0,0,0,0
43,312,231899,12,false,3,5,0,0,0,0,0,0,0,0,0,0,0,0,0,0,0,0
43,324,232457,12,false,3,5,0,0,0,0,0,0,0,0,0,0,0,0,0,0,0,0
43,564,240514,12,false,1,5,0,0,0,0,0,0,0,0,0,0,0,0,0,0,0,0
43,310,241117,12,false,3,5,0,0,0,0,0,0,0,0,0,0,0,0,0,0,0,0
43,640,431639,12,false,4,5,9,0,0,0,0,0,0,0,0,0,-2,0.1,0,0.1,0.16,3
43,562,442967,12,false,3,5,16,0,1,0,0,0,0,0,0,0,5,0,0.01,0.01,0.48,1
43,313,443261,12,false,3,5,65,1,2,0,0,0,0,1,0,0,10,0,0.33,0.33,1.68,4
43,306,449429,12,false,2,5,0,0,0,0,0,0,0,0,0,0,0,0,0,0,0,0
43,305,455084,12,false,2,5,90,1,2,0,0,0,0,1,0,0,2,0.42,0.02,0.44,2.24,5
43,323,461587,12,false,3,5,0,0,0,0,0,0,0,0,0,0,0,0,0,0,0,0
43,322,462387,12,false,4,5,0,0,0,0,0,0,0,0,0,0,0,0,0,0,0,0
43,591,474120,12,false,3,5,73,1,2,0,0,0,0,1,0,0,11,0.34,0.05,0.39,1.76,5
43,318,481624,12,false,3,5,24,0,1,0,0,0,0,0,0,0,5,0.06,0.01,0.07,0.56,1
43,309,501390,12,false,3,5,0,0,0,0,0,0,0,0,0,0,0,0,0,0,0,0
43,602,524180,12,false,3,5,0,0,0,0,0,0,0,0,0,0,0,0,0,0,0,0
43,315,531442,12,false,3,5,66,1,-1,0,0,0,0,1,0,0,4,0.14,0.28,0.42,1.68,4
43,316,543968,12,false,4,5,80,1,2,0,0,0,0,1,0,0,9,0.13,0.01,0.14,2.07,1
43,554,546600,12,false,1,5,0,0,0,0,0,0,0,0,0,0,0,0,0,0,0,0
43,321,557012,12,false,4,5,0,0,0,0,0,0,0,0,0,0,0,0,0,0,0,0
43,592,572584,12,false,2,5,90,1,2,0,0,0,0,1,0,0,17,0.02,0.01,0.03,2.24,8
44,212,108413,8,false,3,5,0,0,0,0,0,0,0,0,0,0,0,0,0,0,0,0
44,199,121709,8,false,1,5,90,1,6,0,0,0,1,0,2,0,26,0,0,0,1.31,0
44,213,152551,8,false,3,5,45,0,0,0,0,0,0,0,0,0,3,0.26,0,0.26,0.77,11
44,555,169593,8,false,1,5,0,0,0,0,0,0,0,0,0,0,0,0,0,0,0,0
44,198,172649,8,false,1,5,0,0,0,0,0,0,0,0,0,0,0,0,0,0,0,0
44,643,172850,8,false,2,5,0,0,0,0,0,0,0,0,0,0,0,0,0,0,0,0
44,224,205533,8,false,4,5,8,0,1,0,0,0,0,0,0,0,2,0,0.02,0.02,0.06,1
44,214,209400,8,false,3,5,90,1,3,0,0,0,1,0,0,0,12,0.42,0.03,0.45,1.31,10
44,205,218364,8,false,2,5,0,0,0,0,0,0,0,0,0,0,0,0,0,0,0,0
44,153,220362,8,false,2,5,0,0,0,0,0,0,0,0,0,0,0,0,0,0,0,0
44,577,223723,8,false,2,5,45,1,1,0,0,0,0,0,0,0,4,0,0.01,0.01,0.54,3
44,223,231747,8,false,4,5,0,0,0,0,0,0,0,0,0,0,0,0,0,0,0,0
44,208,232185,8,false,3,5,8,0,1,0,0,0,0,0,0,0,3,0,0.01,0.01,0.06,0
44,207,242313,8,false,2,5,0,0,0,0,0,0,0,0,0,0,0,0,0,0,0,0
44,204,244723,8,false,2,5,90,1,7,0,0,0,1,0,0,1,30,0,0.02,0.02,1.31,8
44,222,247412,8,false,4,5,81,1,2,0,0,0,1,0,0,0,10,0.04,0.17,0.21,1.26,3
44,202,427623,8,false,2,5,90,1,8,0,0,0,1,0,0,0,29,0,0.01,0.01,1.31,10
44,241,433154,8,false,3,5,0,0,0,0,0,0,0,0,0,0,0,0,0,0,0,0
44,218,438464,8,false,3,5,0,0,0,0,0,0,0,0,0,0,0,0,0,0,0,0
44,644,450063,8,false,3,5,90,1,3,0,0,0,1,0,0,0,13,0.12,0.03,0.15,1.31,5
44,219,450542,8,false,3,5,0,0,0,0,0,0,0,0,0,0,0,0,0,0,0,0
44,42,485337,8,false,3,5,0,0,0,0,0,0,0,0,0,0,0,0,0,0,0,0
44,211,488024,8,false,3,5,81,1,2,0,0,0,1,0,0,0,10,0.16,0.15,0.31,1.26,5
44,215,489706,8,false,3,5,0,0,0,0,0,0,0,0,0,0,0,0,0,0,0,0
44,210,496221,8,false,3,5,90,1,2,0,0,0,1,0,0,0,13,0.07,0.22,0.29,1.31,7
44,206,515621,8,false,2,5,0,0,0,0,0,0,0,0,0,0,0,0,0,0,0,0
44,647,533646,8,false,3,5,0,0,0,0,0,0,0,0,0,0,0,0,0,0,0,0
44,217,536694,8,false,3,5,0,0,0,0,0,0,0,0,0,0,0,0,0,0,0,0
44,595,559152,8,false,3,5,0,0,0,0,0,0,0,0,0,0,0,0,0,0,0,0
44,588,570794,8,false,2,5,90,1,6,0,0,0,1,0,0,0,23,0,0.02,0.02,1.31,6
44,220,590014,8,false,2,5,0,0,0,0,0,0,0,0,0,0,0,0,0,0,0,0
44,633,605972,8,false,2,5,0,0,0,0,0,0,0,0,0,0,0,0,0,0,0,0
44,216,606921,8,false,3,5,0,0,0,0,0,0,0,0,0,0,0,0,0,0,0,0
44,203,651426,8,false,2,5,90,1,8,0,0,0,1,0,0,0,26,0,0.12,0.12,1.31,10
44,225,660392,8,false,4,5,0,0,0,0,0,0,0,0,0,0,0,0,0,0,0,0
44,221,672492,8,false,3,5,0,0,0,0,0,0,0,0,0,0,0,0,0,0,0,0
44,625,97846,13,true,1,5,0,0,0,0,0,0,0,0,0,0,0,0,0,0,0,0
44,260,153682,13,true,3,5,0,0,0,0,0,0,0,0,0,0,0,0,0,0,0,0
44,629,155465,13,true,1,5,0,0,0,0,0,0,0,0,0,0,0,0,0,0,0,0
44,598,173774,13,true,2,5,90,1,6,0,0,0,1,0,0,0,27,0.07,0.01,0.08,1.06,4
44,347,174594,13,true,4,5,14,0,1,0,0,0,0,0,0,0,4,0,0,0,0.37,2
44,346,177815,13,true,4,5,90,1,2,0,0,0,1,0,0,0,7,0.52,0,0.52,1.06,8
44,339,180135,13,true,3,5,0,0,0,0,0,0,0,0,0,0,0,0,0,0,0,0
44,338,199598,13,true,3,5,90,1,5,0,0,0,1,0,0,0,19,0,0.1,0.1,1.06,14
44,343,200617,13,true,3,5,23,0,1,0,0,0,0,0,0,0,3,0,0,0,0.4,1
44,326,201595,13,true,1,5,0,0,0,0,0,0,0,0,0,0,0,0,0,0,0,0
44,329,214225,13,true,2,5,0,0,0,0,0,0,0,0,0,0,0,0,0,0,0,0
44,332,220627,13,true,2,5,90,1,8,0,0,0,1,0,0,2,31,0.05,0.12,0.17,1.06,9
44,342,221399,13,true,3,5,0,0,0,0,0,0,0,0,0,0,0,0,0,0,0,0
44,330,226182,13,true,2,5,66,1,5,0,0,0,1,0,0,0,14,0.07,0,0.07,0.66,1
44,348,235826,13,true,4,5,0,0,0,0,0,0,0,0,0,0,0,0,0,0,0,0
44,331,243526,13,true,2,5,90,1,6,0,0,0,1,0,0,0,27,0,0.03,0.03,1.06,5
44,345,248056,13,true,3,5,67,1,2,0,0,0,1,0,0,0,0,0.14,0,0.14,0.66,5
44,337,427637,13,true,3,5,22,0,1,0,0,0,0,0,0,0,5,0,0,0,0.4,4
44,385,432720,13,true,1,5,90,1,10,0,0,0,1,0,5,3,34,0,0,0,1.06,0
44,327,434752,13,true,2,5,0,0,0,0,0,0,0,0,0,0,0,0,0,0,0,0
44,336,435997,13,true,3,5,75,1,3,0,0,0,1,0,0,0,17,0.02,0.01,0.03,0.68,5
44,641,437497,13,true,2,5,0,0,0,0,0,0,0,0,0,0,0,0,0,0,0,0
44,333,437738,13,true,2,5,0,0,0,0,0,0,0,0,0,0,0,0,0,0,0,0
44,335,466525,13,true,3,5,90,1,5,0,0,0,1,0,0,0,13,0.05,0.08,0.13,1.06,13
44,344,486520,13,true,3,5,0,0,0,0,0,0,0,0,0,0,0,0,0,0,0,0
44,341,492859,13,true,3,5,0,0,0,0,0,0,0,0,0,0,0,0,0,0,0,0
44,334,522047,13,true,2,5,90,1,6,0,0,0,1,0,0,0,22,0.4,0.01,0.41,1.06,8
44,349,565297,13,true,4,5,0,0,0,0,0,0,0,0,0,0,0,0,0,0,0,0
44,648,587982,13,true,3,5,1,0,1,0,0,0,0,0,0,0,5,0,0,0,0,0
44,604,592740,13,true,3,5,0,0,0,0,0,0,0,0,0,0,0,0,0,0,0,0
44,603,643970,13,true,2,5,0,0,0,0,0,0,0,0,0,0,0,0,0,0,0,0
45,406,91651,15,true,3,5,0,0,0,0,0,0,0,0,0,0,0,0,0,0,0,0
45,587,106921,15,true,1,5,0,0,0,0,0,0,0,0,0,0,0,0,0,0,0,0
45,386,122074,15,true,1,5,0,0,0,0,0,0,0,0,0,0,0,0,0,0,0,0
45,408,155405,15,true,3,5,0,0,0,0,0,0,0,0,0,0,0,0,0,0,0,0
45,390,171314,15,true,2,5,90,1,1,0,0,0,0,3,0,0,-7,0.2,0,0.2,3.57,4
45,384,204936,15,true,1,5,90,1,2,0,0,0,0,3,4,0,9,0,0,0,3.57,0
45,388,209036,15,true,2,5,90,1,4,0,1,0,0,3,0,0,13,0.06,0.01,0.07,3.57,4
45,398,209244,15,true,3,5,0,0,0,0,0,0,0,0,0,0,0,0,0,0,0,0
45,481,215379,15,true,3,5,90,1,2,0,0,0,0,3,0,0,15,0.02,0.02,0.04,3.57,9
45,402,220566,15,true,3,5,0,0,0,0,0,0,0,0,0,0,0,0,0,0,0,0
45,411,223094,15,true,4,5,90,1,6,1,0,0,0,3,0,0,25,1.09,0.02,1.11,3.57,2
45,400,248875,15,true,3,5,15,0,1,0,0,0,0,0,0,0,7,0.23,0.32,0.55,0.42,2
45,404,433036,15,true,3,5,0,0,0,0,0,0,0,0,0,0,0,0,0,0,0,0
45,397,437730,15,true,3,5,90,1,17,2,1,0,0,3,0,2,65,0.16,0.17,0.33,3.57,7
45,237,440993,15,true,3,5,74,1,5,0,1,0,0,3,0,0,31,0.1,0.14,0.24,3.15,4
45,155,448047,15,true,3,5,90,1,7,1,0,0,0,3,0,0,33,0.04,0.26,0.3,3.57,5
45,392,448514,15,true,2,5,0,0,0,0,0,0,0,0,0,0,0,0,0,0,0,0
45,389,465351,15,true,2,5,90,1,1,0,0,0,0,3,0,0,0,0,0.01,0.01,3.57,9
45,399,466052,15,true,3,5,84,1,8,1,0,0,0,3,0,1,35,0.13,0.13,0.26,3.18,5
45,387,472769,15,true,2,5,5,0,1,0,0,0,0,0,0,0,3,0.78,0,0.78,0.39,2
45,395,477064,15,true,2,5,0,0,0,0,0,0,0,0,0,0,0,0,0,0,0,0
45,391,477424,15,true,2,5,90,1,4,0,1,0,0,3,0,0,22,0,0.63,0.63,3.57,7
45,394,494307,15,true,2,5,0,0,0,0,0,0,0,0,0,0,0,0,0,0,0,0
45,622,554054,15,true,2,5,0,0,0,0,0,0,0,0,0,0,0,0,0,0,0,0
45,407,575204,15,true,3,5,0,0,0,0,0,0,0,0,0,0,0,0,0,0,0,0
45,393,578153,15,true,2,5,0,0,0,0,0,0,0,0,0,0,0,0,0,0,0,0
45,409,590039,15,true,3,5,0,0,0,0,0,0,0,0,0,0,0,0,0,0,0,0
45,653,595480,15,true,3,5,0,0,0,0,0,0,0,0,0,0,0,0,0,0,0,0
45,396,616222,15,true,2,5,0,0,0,0,0,0,0,0,0,0,0,0,0,0,0,0
45,621,616288,15,true,3,5,0,0,0,0,0,0,0,0,0,0,0,0,0,0,0,0
45,628,624777,15,true,3,5,0,0,0,0,0,0,0,0,0,0,0,0,0,0,0,0
45,616,637238,15,true,3,5,0,0,0,0,0,0,0,0,0,0,0,0,0,0,0,0
45,410,649208,15,true,3,5,0,0,0,0,0,0,0,0,0,0,0,0,0,0,0,0
45,544,84450,20,false,3,5,90,1,2,0,0,0,0,5,0,0,25,0,0.38,0.38,2.82,8
45,541,93605,20,false,2,5,78,1,3,0,1,0,0,4,0,0,5,0,0.45,0.45,1.34,4
45,540,105717,20,false,2,5,0,0,0,0,0,0,0,0,0,0,0,0,0,0,0,0
45,501,135720,20,false,2,5,90,1,0,0,0,0,0,5,0,0,-8,0.07,0.01,0.08,2.82,8
45,539,167512,20,false,2,5,0,0,0,0,0,0,0,0,0,0,0,0,0,0,0,0
45,533,200834,20,false,2,5,90,1,0,0,0,0,0,5,0,0,5,0.05,0.23,0.28,2.82,9
45,535,201895,20,false,2,5,0,0,0,0,0,0,0,0,0,0,0,0,0,0,0,0
45,532,223827,20,false,2,5,90,1,2,0,0,0,0,5,0,0,-12,0.14,0,0.14,2.82,14
45,530,232571,20,false,1,5,0,0,0,0,0,0,0,0,0,0,0,0,0,0,0,0
45,536,434399,20,false,2,5,0,0,0,0,0,0,0,0,0,0,0,0,0,0,0,0
45,553,437505,20,false,4,5,22,0,1,0,0,0,0,1,0,0,3,0,0,0,1.79,2
45,552,441264,20,false,4,5,90,1,17,3,0,0,0,5,0,3,92,2.35,0.04,2.39,2.82,0
45,547,461199,20,false,3,5,0,0,0,0,0,0,0,0,0,0,0,0,0,0,0,0
45,538,477547,20,false,2,5,0,0,0,0,0,0,0,0,0,0,0,0,0,0,0,0
45,542,484420,20,false,3,5,90,1,5,0,1,0,0,5,0,0,33,0,0.52,0.52,2.82,3
45,534,487676,20,false,2,5,11,0,1,0,0,0,0,1,0,0,-2,0.1,0.01,0.11,1.48,1
45,529,498016,20,false,1,5,90,1,0,0,0,0,0,5,1,0,-8,0,0.01,0.01,2.82,0
45,531,515046,20,false,1,5,0,0,0,0,0,0,0,0,0,0,0,0,0,0,0,0
45,537,519634,20,false,2,5,0,0,0,0,0,0,0,0,0,0,0,0,0,0,0,0
45,546,535818,20,false,3,5,0,0,0,0,0,0,0,0,0,0,0,0,0,0,0,0
45,551,536661,20,false,3,5,59,1,4,0,1,0,0,4,0,0,13,0.45,0.01,0.46,0.75,4
45,543,547027,20,false,3,5,0,0,0,0,0,0,0,0,0,0,0,0,0,0,0,0
45,549,549912,20,false,3,5,0,0,0,0,0,0,0,0,0,0,0,0,0,0,0,0
45,646,549940,20,false,3,5,30,0,1,0,0,0,0,1,0,0,6,0.39,0.01,0.4,2.07,3
45,548,554197,20,false,3,5,0,0,0,0,0,0,0,0,0,0,0,0,0,0,0,0
45,545,577669,20,false,3,5,67,1,2,0,0,0,0,4,0,0,9,0.04,0.01,0.05,1.02,3
45,612,638411,20,false,2,5,90,1,-1,0,0,0,0,5,0,0,-8,0.03,0.01,0.04,2.82,3
45,651,661313,20,false,4,5,0,0,0,0,0,0,0,0,0,0,0,0,0,0,0,0
45,613,696104,20,false,3,5,0,0,0,0,0,0,0,0,0,0,0,0,0,0,0,0
45,550,699989,20,false,3,5,0,0,0,0,0,0,0,0,0,0,0,0,0,0,0,0
46,289,101282,11,false,3,5,45,1,0,0,0,0,0,2,0,0,6,0,0.12,0.12,1.19,2
46,274,105666,11,false,1,5,0,0,0,0,0,0,0,0,0,0,0,0,0,0,0,0
46,277,108416,11,false,2,5,77,1,1,0,0,0,0,2,0,0,2,0.01,0,0.01,1.31,4
46,279,146426,11,false,2,5,90,1,1,0,0,0,0,2,0,0,5,0.01,0.01,0.02,1.44,4
46,285,160817,11,false,2,5,0,0,0,0,0,0,0,0,0,0,0,0,0,0,0,0
46,273,167825,11,false,1,5,0,0,0,0,0,0,0,0,0,0,0,0,0,0,0,0
46,556,169359,11,false,2,5,0,0,0,0,0,0,0,0,0,0,0,0,0,0,0,0
46,295,169432,11,false,4,5,90,1,1,0,0,0,0,2,0,0,5,0.36,0.02,0.38,1.44,6
46,288,171270,11,false,3,5,0,0,0,0,0,0,0,0,0,0,0,0,0,0,0,0
46,280,193278,11,false,2,5,90,1,1,0,0,0,0,2,0,0,3,0,0.04,0.04,1.44,2
46,292,208481,11,false,3,5,0,0,0,0,0,0,0,0,0,0,0,0,0,0,0,0
46,296,213292,11,false,3,5,0,0,0,0,0,0,0,0,0,0,0,0,0,0,0,0
46,282,232351,11,false,2,5,90,1,0,0,0,0,0,2,0,0,-1,0,0.08,0.08,1.44,5
46,287,232905,11,false,3,5,0,0,0,0,0,0,0,0,0,0,0,0,0,0,0,0
46,290,243413,11,false,3,5,77,1,2,0,0,0,0,2,0,0,9,0.13,0.03,0.16,1.31,3
46,642,243951,11,false,3,5,62,1,2,0,0,0,0,2,0,0,2,0.19,0.04,0.23,1.28,3
46,281,433590,11,false,2,5,0,0,0,0,0,0,0,0,0,0,0,0,0,0,0,0
46,276,444307,11,false,1,5,0,0,0,0,0,0,0,0,0,0,0,0,0,0,0,0
46,563,445028,11,false,3,5,0,0,0,0,0,0,0,0,0,0,0,0,0,0,0,0
46,283,449428,11,false,2,5,0,0,0,0,0,0,0,0,0,0,0,0,0,0,0,0
46,340,462635,11,false,3,5,7,0,1,0,0,0,0,0,0,0,5,0.1,0.02,0.12,0.13,1
46,291,465525,11,false,3,5,0,0,0,0,0,0,0,0,0,0,0,0,0,0,0,0
46,589,469266,11,false,3,5,12,0,1,0,0,0,0,0,0,0,5,0.03,0.01,0.04,0.13,1
46,297,470294,11,false,3,5,0,0,0,0,0,0,0,0,0,0,0,0,0,0,0,0
46,572,473284,11,false,1,5,90,1,6,0,0,0,0,2,3,0,16,0,0,0,1.44,0
46,240,490094,11,false,3,5,45,0,1,0,0,0,0,0,0,0,6,0.12,0.01,0.13,0.25,7
46,293,490161,11,false,3,5,0,0,0,0,0,0,0,0,0,0,0,0,0,0,0,0
46,617,490884,11,false,3,5,27,0,6,1,0,0,0,0,0,0,25,0.27,0.2,0.47,0.16,0
46,275,494950,11,false,1,5,0,0,0,0,0,0,0,0,0,0,0,0,0,0,0,0
46,638,496181,11,false,2,5,0,0,0,0,0,0,0,0,0,0,0,0,0,0,0,0
46,298,500957,11,false,4,5,0,0,0,0,0,0,0,0,0,0,0,0,0,0,0,0
46,278,501902,11,false,2,5,0,0,0,0,0,0,0,0,0,0,0,0,0,0,0,0
46,299,534392,11,false,4,5,0,0,0,0,0,0,0,0,0,0,0,0,0,0,0,0
46,286,540324,11,false,3,5,82,1,4,0,1,0,0,2,0,0,22,0.35,0.31,0.66,1.31,11
46,574,552946,11,false,3,5,0,0,0,0,0,0,0,0,0,0,0,0,0,0,0,0
46,294,553783,11,false,3,5,0,0,0,0,0,0,0,0,0,0,0,0,0,0,0,0
46,585,597462,11,false,2,5,90,1,1,0,0,0,0,2,0,0,11,0.02,0.03,0.05,1.44,8
46,586,606930,11,false,2,5,0,0,0,0,0,0,0,0,0,0,0,0,0,0,0,0
46,576,608227,11,false,3,5,0,0,0,0,0,0,0,0,0,0,0,0,0,0,0,0
46,632,626751,11,false,4,5,0,0,0,0,0,0,0,0,0,0,0,0,0,0,0,0
46,637,631000,11,false,4,5,12,0,1,0,0,0,0,0,0,0,5,0,0.01,0.01,0.13,1
46,645,647839,11,false,3,5,0,0,0,0,0,0,0,0,0,0,0,0,0,0,0,0
46,284,661800,11,false,2,5,0,0,0,0,0,0,0,0,0,0,0,0,0,0,0,0
46,448,78916,17,true,2,5,0,0,0,0,0,0,0,0,0,0,0,0,0,0,0,0
46,443,81441,17,true,1,5,0,0,0,0,0,0,0,0,0,0,0,0,0,0,0,0
46,442,98747,17,true,1,5,0,0,0,0,0,0,0,0,0,0,0,0,0,0,0,0
46,457,114243,17,true,3,5,90,1,1,0,0,0,0,1,0,0,12,0.03,0.07,0.1,1.59,8
46,446,119471,17,true,2,5,24,0,1,0,0,0,0,1,0,0,1,0,0.01,0.01,1.08,7
46,458,180974,17,true,3,5,0,0,0,0,0,0,0,0,0,0,0,0,0,0,0,0
46,460,200089,17,true,3,5,86,1,10,1,0,0,0,1,0,3,38,0.17,0.04,0.21,1.46,6
46,453,201666,17,true,3,5,90,1,9,0,2,0,0,1,0,1,34,0.11,0.11,0.22,1.59,9
46,464,216646,17,true,4,5,90,1,0,0,0,0,0,1,0,0,0,0.84,0.01,0.85,1.59,5
46,447,220237,17,true,2,5,90,1,4,0,0,0,0,1,0,0,12,0.05,0,0.05,1.59,18
46,456,232653,17,true,3,5,0,0,0,0,0,0,0,0,0,0,0,0,0,0,0,0
46,450,441191,17,true,2,5,0,0,0,0,0,0,0,0,0,0,0,0,0,0,0,0
46,454,449434,17,true,3,5,0,0,0,0,0,0,0,0,0,0,0,0,0,0,0,0
46,593,463726,17,true,2,5,0,0,0,0,0,0,0,0,0,0,0,0,0,0,0,0
46,445,465642,17,true,2,5,90,1,4,0,0,0,0,1,0,0,13,0,0.01,0.01,1.59,13
46,405,465694,17,true,3,5,0,0,0,0,0,0,0,0,0,0,0,0,0,0,0,0
46,463,470313,17,true,4,5,0,0,0,0,0,0,0,0,0,0,0,0,0,0,0,0
46,567,470551,17,true,1,5,90,1,3,0,0,0,0,1,3,0,14,0,0,0,1.59,0
46,449,487838,17,true,2,5,90,1,13,1,0,0,0,1,0,3,38,0.19,0.11,0.3,1.59,10
46,465,538207,17,true,4,5,0,0,0,0,0,0,0,0,0,0,0,0,0,0,0,0
46,451,545477,17,true,2,5,0,0,0,0,0,0,0,0,0,0,0,0,0,0,0,0
46,459,547719,17,true,3,5,90,1,4,0,0,0,0,1,0,0,19,0,0.04,0.04,1.59,16
46,609,553746,17,true,2,5,0,0,0,0,0,0,0,0,0,0,0,0,0,0,0,0
46,444,554578,17,true,1,5,0,0,0,0,0,0,0,0,0,0,0,0,0,0,0,0
46,663,578512,17,true,2,5,0,0,0,0,0,0,0,0,0,0,0,0,0,0,0,0
46,466,599303,17,true,4,5,0,0,0,0,0,0,0,0,0,0,0,0,0,0,0,0
46,664,601767,17,true,4,5,0,0,0,0,0,0,0,0,0,0,0,0,0,0,0,0
46,461,611665,17,true,3,5,16,0,1,0,0,0,0,0,0,0,2,0,0,0,0.6,2
46,634,613221,17,true,4,5,73,1,2,0,0,0,0,1,0,0,7,0.05,0,0.05,0.99,2
46,559,632794,17,true,3,5,3,0,1,0,0,0,0,0,0,0,3,0,0,0,0.14,4
46,462,636852,17,true,3,5,65,1,3,0,0,0,1,0,0,0,18,0,0.03,0.03,0.52,7
46,665,655585,17,true,3,5,0,0,0,0,0,0,0,0,0,0,0,0,0,0,0,0
46,659,665243,17,true,3,5,0,0,0,0,0,0,0,0,0,0,0,0,0,0,0,0
46,666,671875,17,true,3,5,0,0,0,0,0,0,0,0,0,0,0,0,0,0,0,0
47,623,79602,7,false,1,5,0,0,0,0,0,0,0,0,0,0,0,0,0,0,0,0
47,178,80178,7,false,2,5,0,0,0,0,0,0,0,0,0,0,0,0,0,0,0,0
47,172,110690,7,false,1,5,0,0,0,0,0,0,0,0,0,0,0,0,0,0,0,0
47,184,168144,7,false,3,5,90,1,3,0,0,0,1,0,0,0,17,0.02,0.06,0.08,1.1,10
47,176,173878,7,false,2,5,90,1,15,1,0,0,1,0,0,3,40,0.32,0.04,0.36,1.1,4
47,193,176412,7,false,4,5,0,0,0,0,0,0,0,0,0,0,0,0,0,0,0,0
47,584,196100,7,false,3,5,0,0,0,0,0,0,0,0,0,0,0,0,0,0,0,0
47,179,204813,7,false,2,5,1,0,1,0,0,0,0,0,0,0,3,0,0,0,0.02,2
47,492,210156,7,false,4,5,0,0,0,0,0,0,0,0,0,0,0,0,0,0,0,0
47,195,218997,7,false,4,5,16,0,1,0,0,0,0,0,0,0,3,0,0,0,0.24,0
47,180,220583,7,false,2,5,0,0,0,0,0,0,0,0,0,0,0,0,0,0,0,0
47,188,226965,7,false,3,5,0,0,0,0,0,0,0,0,0,0,0,0,0,0,0,0
47,194,230730,7,false,4,5,90,1,4,0,0,0,1,0,0,0,16,0.13,0.01,0.13,1.1,16
47,91,231065,7,false,2,5,90,1,8,0,0,0,1,0,0,0,24,0,0,0,1.1,19
47,186,241293,7,false,3,5,45,1,1,0,0,0,0,0,0,0,6,0.02,0.05,0.07,0.6,2
47,655,242893,7,false,3,5,0,0,0,0,0,0,0,0,0,0,0,0,0,0,0,0
47,104,428580,7,false,3,5,90,1,3,0,0,0,1,0,0,0,10,0,0,0,1.1,9
47,174,436761,7,false,2,5,0,0,0,0,0,0,0,0,0,0,0,0,0,0,0,0
47,187,439668,7,false,3,5,0,0,0,0,0,0,0,0,0,0,0,0,0,0,0,0
47,175,451284,7,false,2,5,0,0,0,0,0,0,0,0,0,0,0,0,0,0,0,0
47,173,461102,7,false,2,5,90,1,9,0,0,0,1,0,0,1,37,0.06,0.04,0.1,1.1,13
47,177,465390,7,false,2,5,0,0,0,0,0,0,0,0,0,0,0,0,0,0,0,0
47,190,469272,7,false,3,5,45,0,1,0,0,0,0,0,0,0,5,0.04,0,0.04,0.5,3
47,110,472739,7,false,1,5,90,1,11,0,1,0,1,0,2,2,38,0,0,0,1.1,0
47,183,480457,7,false,3,5,73,1,5,0,0,0,1,0,0,0,16,0.09,0.2,0.29,0.85,13
47,171,484389,7,false,1,5,0,0,0,0,0,0,0,0,0,0,0,0,0,0,0,0
47,191,492498,7,false,3,5,0,0,0,0,0,0,0,0,0,0,0,0,0,0,0,0
47,185,501459,7,false,3,5,0,0,0,0,0,0,0,0,0,0,0,0,0,0,0,0
47,182,539142,7,false,2,5,0,0,0,0,0,0,0,0,0,0,0,0,0,0,0,0
47,197,549653,7,false,4,5,0,0,0,0,0,0,0,0,0,0,0,0,0,0,0,0
47,196,551262,7,false,4,5,0,0,0,0,0,0,0,0,0,0,0,0,0,0,0,0
47,656,566213,7,false,2,5,90,1,6,0,0,0,1,0,0,0,27,0,0.01,0.01,1.1,8
47,181,577411,7,false,2,5,0,0,0,0,0,0,0,0,0,0,0,0,0,0,0,0
47,599,627221,7,false,4,5,0,0,0,0,0,0,0,0,0,0,0,0,0,0,0,0
47,192,629397,7,false,3,5,0,0,0,0,0,0,0,0,0,0,0,0,0,0,0,0
47,575,661888,7,false,3,5,90,1,3,0,0,0,1,0,0,0,10,0,0.01,0.01,1.08,5
47,189,684268,7,false,3,5,0,0,0,0,0,0,0,0,0,0,0,0,0,0,0,0
47,490,60689,18,true,4,5,17,0,1,0,0,0,0,0,0,0,4,0,0,0,0.04,0
47,467,85633,18,true,1,5,90,1,2,0,0,0,0,1,2,0,10,0,0,0,0.67,0
47,473,159506,18,true,2,5,0,0,0,0,0,0,0,0,0,0,0,0,0,0,0,0
47,558,204561,18,true,3,5,90,1,2,0,0,0,0,1,0,0,16,0.05,0.1,0.15,0.67,7
47,476,204822,18,true,2,5,0,0,0,0,0,0,0,0,0,0,0,0,0,0,0,0
47,489,204968,18,true,3,5,0,0,0,0,0,0,0,0,0,0,0,0,0,0,0,0
47,482,209046,18,true,3,5,0,0,0,0,0,0,0,0,0,0,0,0,0,0,0,0
47,488,210462,18,true,3,5,7,0,1,0,0,0,0,0,0,0,3,0,0,0,0,0
47,469,215136,18,true,2,5,90,1,2,0,0,0,0,1,0,0,19,0.09,0.21,0.3,0.67,2
47,468,221389,18,true,1,5,0,0,0,0,0,0,0,0,0,0,0,0,0,0,0,0
47,480,222531,18,true,3,5,90,1,2,0,0,0,0,1,0,0,25,0,0.4,0.4,0.67,2
47,471,227444,18,true,2,5,0,0,0,0,0,0,0,0,0,0,0,0,0,0,0,0
47,201,247348,18,true,2,5,82,1,2,0,0,0,0,1,0,0,5,0.12,0.02,0.14,0.67,3
47,487,250199,18,true,3,5,0,0,0,0,0,0,0,0,0,0,0,0,0,0,0,0
47,590,428971,18,true,1,5,0,0,0,0,0,0,0,0,0,0,0,0,0,0,0,0
47,486,432714,18,true,3,5,82,1,2,0,0,0,0,1,0,0,17,0.21,0.04,0.25,0.67,4
47,483,456512,18,true,3,5,58,1,1,0,0,0,0,1,0,0,3,0.2,0.05,0.25,0.63,1
47,167,463034,18,true,4,5,90,1,1,0,0,0,0,1,0,0,9,0.13,0.21,0.34,0.67,8
47,493,465680,18,true,4,5,0,0,0,0,0,0,0,0,0,0,0,0,0,0,0,0
47,478,470315,18,true,2,5,7,0,1,0,0,0,0,0,0,0,5,0,0.02,0.02,0,0
47,485,476887,18,true,3,5,0,0,0,0,0,0,0,0,0,0,0,0,0,0,0,0
47,491,482973,18,true,4,5,31,0,1,0,0,0,0,0,0,0,4,0.16,0.01,0.17,0.04,3
47,470,485047,18,true,2,5,0,0,0,0,0,0,0,0,0,0,0,0,0,0,0,0
47,475,500151,18,true,2,5,0,0,0,0,0,0,0,0,0,0,0,0,0,0,0,0
47,484,503301,18,true,3,5,0,0,0,0,0,0,0,0,0,0,0,0,0,0,0,0
47,479,538638,18,true,2,5,0,0,0,0,0,0,0,0,0,0,0,0,0,0,0,0
47,477,549067,18,true,2,5,0,0,0,0,0,0,0,0,0,0,0,0,0,0,0,0
47,581,568420,18,true,2,5,72,1,2,0,0,0,0,1,0,0,4,0.05,0.01,0.06,0.63,5
47,474,575458,18,true,2,5,90,1,1,0,0,0,0,1,0,0,5,0.02,0.01,0.03,0.67,8
47,472,575476,18,true,2,5,90,1,4,0,0,0,0,1,0,0,16,0.07,0.08,0.15,0.67,11
48,29,72147,2,false,1,5,0,0,0,0,0,0,0,0,0,0,0,0,0,0,0,0
48,46,88894,2,false,3,5,6,0,1,0,0,0,0,2,0,0,3,0,0,0,0.78,4
48,30,101188,2,false,2,5,0,0,0,0,0,0,0,0,0,0,0,0,0,0,0,0
48,618,119090,2,false,3,5,0,0,0,0,0,0,0,0,0,0,0,0,0,0,0,0
48,45,122806,2,false,3,5,83,1,6,0,1,0,1,0,0,0,19,0,0.04,0.04,0.78,6
48,33,149484,2,false,2,5,90,1,3,0,0,0,0,2,0,0,10,0,0,0,1.56,13
48,56,173879,2,false,4,5,2,0,1,0,0,0,0,1,0,0,3,0,0,0,0.43,0
48,55,178301,2,false,4,5,0,0,0,0,0,0,0,0,0,0,0,0,0,0,0,0
48,37,184667,2,false,2,5,90,1,1,0,0,0,0,2,0,0,1,0,0,0,1.56,6
48,41,195546,2,false,3,5,90,1,12,1,0,0,0,2,0,3,50,0.14,0.07,0.21,1.56,15
48,32,199796,2,false,2,5,45,0,-1,0,0,0,0,2,0,0,-7,0,0,0,0.92,3
48,611,214590,2,false,2,5,45,1,1,0,0,0,0,0,0,0,6,0,0.01,0.01,0.64,6
48,44,215711,2,false,3,5,0,0,0,0,0,0,0,0,0,0,0,0,0,0,0,0
48,47,226944,2,false,3,5,83,1,6,0,1,0,1,0,0,0,26,0.12,0.01,0.13,0.78,6
48,34,244954,2,false,2,5,0,0,0,0,0,0,0,0,0,0,0,0,0,0,0,0
48,630,245719,2,false,2,5,0,0,0,0,0,0,0,0,0,0,0,0,0,0,0,0
48,597,433969,2,false,1,5,90,1,2,0,0,0,0,2,5,0,17,0,0,0,1.56,0
48,36,441302,2,false,2,5,0,0,0,0,0,0,0,0,0,0,0,0,0,0,0,0
48,54,448089,2,false,3,5,90,1,4,0,0,0,0,2,0,0,13,0,0.02,0.02,1.56,13
48,48,449871,2,false,3,5,0,0,0,0,0,0,0,0,0,0,0,0,0,0,0,0
48,49,469247,2,false,3,5,0,0,0,0,0,0,0,0,0,0,0,0,0,0,0,0
48,667,481283,2,false,1,5,0,0,0,0,0,0,0,0,0,0,0,0,0,0,0,0
48,596,487992,2,false,2,5,90,1,3,0,0,0,0,2,0,0,11,0.03,0.01,0.04,1.56,13
48,160,493105,2,false,3,5,0,0,0,0,0,0,0,0,0,0,0,0,0,0,0,0
48,35,515597,2,false,3,5,0,0,0,0,0,0,0,0,0,0,0,0,0,0,0,0
48,166,517052,2,false,4,5,87,1,6,1,0,0,0,1,0,1,31,0.44,0.02,0.46,1.13,4
48,606,569577,2,false,2,5,0,0,0,0,0,0,0,0,0,0,0,0,0,0,0,0
48,607,571380,2,false,3,5,0,0,0,0,0,0,0,0,0,0,0,0,0,0,0,0
48,51,577285,2,false,3,5,18,0,1,0,0,0,0,2,0,0,2,0,0,0,0.87,0
48,39,578545,2,false,2,5,0,0,0,0,0,0,0,0,0,0,0,0,0,0,0,0
48,38,606798,2,false,2,5,0,0,0,0,0,0,0,0,0,0,0,0,0,0,0,0
48,53,614071,2,false,3,5,71,1,13,1,1,0,1,0,0,2,45,0.44,0.16,0.6,0.68,7
48,631,638987,2,false,3,5,6,0,1,0,0,0,0,2,0,0,2,0,0,0,0.78,0
48,50,645618,2,false,3,5,0,0,0,0,0,0,0,0,0,0,0,0,0,0,0,0
48,52,653481,2,false,3,5,0,0,0,0,0,0,0,0,0,0,0,0,0,0,0,0
48,582,690838,2,false,4,5,0,0,0,0,0,0,0,0,0,0,0,0,0,0,0,0
48,497,67089,19,true,1,5,0,0,0,0,0,0,0,0,0,0,0,0,0,0,0,0
48,147,109646,19,true,2,5,0,0,0,0,0,0,0,0,0,0,0,0,0,0,0,0
48,508,115556,19,true,2,5,0,0,0,0,0,0,0,0,0,0,0,0,0,0,0,0
48,502,122798,19,true,2,5,90,1,4,0,1,0,0,3,0,0,15,0,0.26,0.26,1.16,3
48,526,154566,19,true,4,5,65,1,2,0,0,0,0,1,0,0,9,0.12,0,0.12,1.01,6
48,515,172780,19,true,3,5,24,0,1,0,0,0,0,2,0,0,9,0.06,0.02,0.08,0.15,6
48,494,184254,19,true,1,5,0,0,0,0,0,0,0,0,0,0,0,0,0,0,0,0
48,516,202993,19,true,3,5,83,1,4,0,0,0,0,3,0,0,15,0,0.04,0.04,1.1,17
48,527,212319,19,true,4,5,0,0,0,0,0,0,0,0,0,0,0,0,0,0,0,0
48,495,214572,19,true,1,5,0,0,0,0,0,0,0,0,0,0,0,0,0,0,0,0
48,498,221466,19,true,2,5,0,0,0,0,0,0,0,0,0,0,0,0,0,0,0,0
48,500,221632,19,true,2,5,0,0,0,0,0,0,0,0,0,0,0,0,0,0,0,0
48,519,232787,19,true,3,5,6,0,6,1,0,0,0,0,0,0,24,0.35,0,0.35,0.07,4
48,505,232859,19,true,2,5,0,0,0,0,0,0,0,0,0,0,0,0,0,0,0,0
48,455,432422,19,true,3,5,83,1,2,0,0,0,0,3,0,0,18,0.06,0.21,0.27,1.1,11
48,401,438234,19,true,4,5,90,1,2,0,0,0,0,3,0,0,8,0.02,0.04,0.06,1.16,4
48,499,441164,19,true,2,5,18,1,1,0,0,0,0,0,0,0,4,0.01,0,0.01,0.04,1
48,521,445044,19,true,3,5,0,0,0,0,0,0,0,0,0,0,0,0,0,0,0,0
48,512,460842,19,true,3,5,45,0,4,0,1,0,0,2,0,0,24,0.07,0.2,0.27,0.35,7
48,578,465920,19,true,3,5,0,0,0,0,0,0,0,0,0,0,0,0,0,0,0,0
48,112,469142,19,true,2,5,90,1,6,1,0,0,0,3,0,0,17,0.35,0.3,0.65,1.16,9
48,518,482442,19,true,3,5,0,0,0,0,0,0,0,0,0,0,0,0,0,0,0,0
48,496,485055,19,true,1,5,90,1,2,0,0,0,0,3,3,0,5,0,0,0,1.16,0
48,506,487053,19,true,2,5,0,0,0,0,0,0,0,0,0,0,0,0,0,0,0,0
48,528,490145,19,true,4,5,0,0,0,0,0,0,0,0,0,0,0,0,0,0,0,0
48,503,491279,19,true,2,5,90,1,1,0,0,0,0,3,0,0,7,0.02,0.01,0.03,1.16,6
48,513,493362,19,true,3,5,0,0,0,0,0,0,0,0,0,0,0,0,0,0,0,0
48,510,499716,19,true,2,5,0,0,0,0,0,0,0,0,0,0,0,0,0,0,0,0
48,523,499721,19,true,3,5,0,0,0,0,0,0,0,0,0,0,0,0,0,0,0,0
48,524,499726,19,true,3,5,0,0,0,0,0,0,0,0,0,0,0,0,0,0,0,0
48,403,510281,19,true,3,5,90,1,2,0,0,0,0,3,0,0,29,0.29,0.17,0.46,1.16,5
48,514,511499,19,true,3,5,0,0,0,0,0,0,0,0,0,0,0,0,0,0,0,0
48,522,547701,19,true,3,5,71,0,2,0,0,0,0,3,0,0,14,0.14,0.01,0.15,1.12,5
48,507,548308,19,true,2,5,0,0,0,0,0,0,0,0,0,0,0,0,0,0,0,0
48,517,550839,19,true,3,5,0,0,0,0,0,0,0,0,0,0,0,0,0,0,0,0
48,525,551226,19,true,3,5,45,1,1,0,0,0,0,1,0,0,2,0.07,0.02,0.09,0.82,7
48,520,570526,19,true,3,5,6,0,1,0,0,0,0,0,0,0,3,0,0.01,0.01,0.07,1
48,601,611917,19,true,3,5,0,0,0,0,0,0,0,0,0,0,0,0,0,0,0,0
48,511,616221,19,true,2,5,0,0,0,0,0,0,0,0,0,0,0,0,0,0,0,0
48,509,640419,19,true,2,5,0,0,0,0,0,0,0,0,0,0,0,0,0,0,0,0
49,58,40383,3,true,1,5,0,0,0,0,0,0,0,0,0,0,0,0,0,0,0,0
49,64,54469,3,true,2,5,74,1,2,0,0,0,0,1,0,0,3,0,0.02,0.02,1.4,0
49,74,111317,3,true,3,5,15,0,1,0,0,0,0,0,0,0,4,0,0.06,0.06,0.25,2
49,71,155408,3,true,3,5,15,0,1,0,0,0,0,0,0,0,3,0,0,0,0.25,2
49,75,158499,3,true,3,5,74,1,2,0,0,0,0,1,0,0,0,0.5,0.01,0.51,1.4,5
49,80,168636,3,true,4,5,0,0,0,0,0,0,0,0,0,0,0,0,0,0,0,0
49,73,200785,3,true,3,5,87,1,4,0,0,0,0,1,0,0,13,0,0.04,0.04,1.4,13
49,68,201658,3,true,3,5,74,1,2,0,0,0,0,1,0,0,14,0,0.11,0.11,1.4,6
49,70,222683,3,true,3,5,0,0,0,0,0,0,0,0,0,0,0,0,0,0,0,0
49,615,230650,3,true,1,5,0,0,0,0,0,0,0,0,0,0,0,0,0,0,0,0
49,62,242882,3,true,2,5,0,0,0,0,0,0,0,0,0,0,0,0,0,0,0,0
49,65,436893,3,true,2,5,0,0,0,0,0,0,0,0,0,0,0,0,0,0,0,0
49,79,444102,3,true,4,5,90,1,2,0,0,0,0,1,0,0,12,0.16,0.01,0.17,1.65,5
49,59,444172,3,true,1,5,0,0,0,0,0,0,0,0,0,0,0,0,0,0,0,0
49,57,457569,3,true,1,5,90,1,2,0,0,0,0,1,2,0,12,0,0,0,1.65,0
49,60,463981,3,true,2,5,90,1,4,0,0,0,0,1,0,0,15,0,0.02,0.02,1.65,15
49,566,483067,3,true,2,5,90,1,3,0,0,0,0,1,0,0,8,0,0.02,0.02,1.65,15
49,77,489888,3,true,3,5,0,0,0,0,0,0,0,0,0,0,0,0,0,0,0,0
49,61,494521,3,true,2,5,90,1,2,0,0,0,0,1,0,0,6,0.02,0.06,0.08,1.65,7
49,573,494928,3,true,2,5,0,0,0,0,0,0,0,0,0,0,0,0,0,0,0,0
49,72,496208,3,true,3,5,2,0,1,0,0,0,0,0,0,0,3,0,0.02,0.02,0.25,0
49,67,499604,3,true,3,5,87,1,2,0,0,0,0,1,0,0,17,0,0.35,0.35,1.4,4
49,69,503139,3,true,3,5,90,1,2,0,0,0,0,1,0,0,17,0.12,0.07,0.19,1.65,8
49,608,523700,3,true,4,5,15,0,1,0,0,0,0,0,0,0,3,0,0,0,0.25,0
49,78,560262,3,true,3,5,0,0,0,0,0,0,0,0,0,0,0,0,0,0,0,0
49,81,561245,3,true,4,5,0,0,0,0,0,0,0,0,0,0,0,0,0,0,0,0
49,66,575901,3,true,2,5,0,0,0,0,0,0,0,0,0,0,0,0,0,0,0,0
49,76,614574,3,true,3,5,2,0,1,0,0,0,0,0,0,0,3,0,0,0,0.25,0
49,63,620487,3,true,2,5,0,0,0,0,0,0,0,0,0,0,0,0,0,0,0,0
49,356,97032,14,false,2,5,90,1,8,0,0,0,1,0,0,0,26,0,0.01,0.01,0.79,13
49,350,116535,14,false,1,5,90,1,8,0,0,0,1,0,2,2,30,0,0,0,0.79,0
49,352,155503,14,false,1,5,0,0,0,0,0,0,0,0,0,0,0,0,0,0,0,0
49,374,158983,14,false,3,5,0,0,0,0,0,0,0,0,0,0,0,0,0,0,0,0
49,359,171287,14,false,2,5,0,0,0,0,0,0,0,0,0,0,0,0,0,0,0,0
49,373,206915,14,false,3,5,0,0,0,0,0,0,0,0,0,0,0,0,0,0,0,0
49,364,214285,14,false,2,5,0,0,0,0,0,0,0,0,0,0,0,0,0,0,0,0
49,357,216094,14,false,2,5,0,0,0,0,0,0,0,0,0,0,0,0,0,0,0,0
49,379,219168,14,false,4,5,80,1,8,1,0,0,1,0,0,3,31,0.75,0.02,0.77,0.66,1
49,370,223541,14,false,3,5,0,0,0,0,0,0,0,0,0,0,0,0,0,0,0,0
49,372,243016,14,false,3,5,90,1,5,0,0,0,1,0,0,0,19,0,0.05,0.05,0.79,13
49,367,243298,14,false,3,5,90,1,3,0,0,0,1,0,0,0,13,0.2,0.49,0.69,0.79,5
49,368,424876,14,false,3,5,80,1,2,0,0,0,1,0,0,0,5,0.13,0.02,0.15,0.66,6
49,354,432987,14,false,1,5,0,0,0,0,0,0,0,0,0,0,0,0,0,0,0,0
49,371,441266,14,false,3,5,9,0,1,0,0,0,0,0,0,0,3,0,0.01,0.01,0.14,1
49,383,444884,14,false,3,5,0,0,0,0,0,0,0,0,0,0,0,0,0,0,0,0
49,579,445087,14,false,2,5,90,1,7,0,0,0,1,0,0,1,28,0,0.01,0.01,0.79,5
49,351,449027,14,false,1,5,0,0,0,0,0,0,0,0,0,0,0,0,0,0,0,0
49,355,464353,14,false,1,5,0,0,0,0,0,0,0,0,0,0,0,0,0,0,0,0
49,627,482616,14,false,3,5,71,1,3,0,0,0,1,0,0,0,8,0.05,0.03,0.08,0.66,3
49,365,489580,14,false,2,5,0,0,0,0,0,0,0,0,0,0,0,0,0,0,0,0
49,378,491501,14,false,3,5,0,0,0,0,0,0,0,0,0,0,0,0,0,0,0,0
49,360,492777,14,false,2,5,0,0,0,0,0,0,0,0,0,0,0,0,0,0,0,0
49,366,494595,14,false,3,5,70,1,6,0,1,0,1,0,0,0,25,0.22,0.05,0.27,0.66,8
49,382,500058,14,false,4,5,0,0,0,0,0,0,0,0,0,0,0,0,0,0,0,0
49,380,510663,14,false,4,5,0,0,0,0,0,0,0,0,0,0,0,0,0,0,0,0
49,381,514514,14,false,3,5,9,0,1,0,0,0,0,0,0,0,7,0.25,0,0.25,0.14,0
49,361,519440,14,false,2,5,0,0,0,0,0,0,0,0,0,0,0,0,0,0,0,0
49,376,535928,14,false,3,5,0,0,0,0,0,0,0,0,0,0,0,0,0,0,0,0
49,358,544877,14,false,2,5,90,1,6,0,0,0,1,0,0,0,22,0.05,0.01,0.06,0.79,7
49,377,551499,14,false,3,5,18,0,1,0,0,0,0,0,0,0,7,0,0.06,0.06,0.14,3
49,353,586268,14,false,1,5,0,0,0,0,0,0,0,0,0,0,0,0,0,0,0,0
49,375,591386,14,false,3,5,19,0,1,0,0,0,0,0,0,0,3,0,0,0,0.14,5
49,362,606702,14,false,2,5,90,1,6,0,0,0,1,0,0,0,26,0,0.02,0.02,0.79,8
49,369,611922,14,false,3,5,0,0,0,0,0,0,0,0,0,0,0,0,0,0,0,0
49,363,647681,14,false,2,5,0,0,0,0,0,0,0,0,0,0,0,0,0,0,0,0
50,266,76357,10,true,3,5,0,0,0,0,0,0,0,0,0,0,0,0,0,0,0,0
50,250,80201,10,true,1,5,90,1,3,0,0,0,0,1,5,0,18,0,0,0,1.6,0
50,251,86873,10,true,1,5,0,0,0,0,0,0,0,0,0,0,0,0,0,0,0,0
50,261,153133,10,true,3,5,70,1,5,0,0,0,1,0,0,2,27,0.19,0.41,0.6,1.12,7
50,270,153366,10,true,3,5,0,0,0,0,0,0,0,0,0,0,0,0,0,0,0,0
50,258,166477,10,true,2,5,90,1,1,0,0,0,0,1,0,0,3,0,0.01,0.01,1.6,9
50,256,167074,10,true,2,5,0,0,0,0,0,0,0,0,0,0,0,0,0,0,0,0
50,254,169528,10,true,2,5,90,1,2,0,0,0,0,1,0,0,19,0,0.09,0.09,1.6,7
50,253,174874,10,true,2,5,10,0,1,0,0,0,0,1,0,0,0,0,0,0,0.36,5
50,269,184349,10,true,2,5,0,0,0,0,0,0,0,0,0,0,0,0,0,0,0,0
50,265,207189,10,true,3,5,76,1,3,0,0,0,1,0,0,0,16,0.05,0.02,0.07,1.18,2
50,262,209289,10,true,3,5,0,0,0,0,0,0,0,0,0,0,0,0,0,0,0,0
50,257,232892,10,true,2,5,90,1,6,0,1,0,0,1,0,1,26,0.06,0.01,0.07,1.6,8
50,271,244042,10,true,4,5,10,0,0,0,0,0,0,1,0,0,-1,0,0,0,0.36,1
50,255,246301,10,true,2,5,0,0,0,0,0,0,0,0,0,0,0,0,0,0,0,0
50,650,442299,10,true,2,5,90,1,4,0,0,0,0,1,0,0,17,0,0.02,0.02,1.6,11
50,580,463210,10,true,3,5,90,1,4,0,0,0,0,1,0,0,16,0,0.02,0.02,1.6,13
50,264,477555,10,true,3,5,70,1,3,0,0,0,1,0,0,0,6,0.22,0.09,0.31,1.12,6
50,636,500033,10,true,3,5,0,0,0,0,0,0,0,0,0,0,0,0,0,0,0,0
50,252,505079,10,true,1,5,0,0,0,0,0,0,0,0,0,0,0,0,0,0,0,0
50,610,547686,10,true,2,5,0,0,0,0,0,0,0,0,0,0,0,0,0,0,0,0
50,635,551050,10,true,3,5,13,0,1,0,0,0,0,1,0,0,3,0,0,0,0.42,4
50,569,551466,10,true,4,5,79,1,2,0,0,0,1,0,0,0,3,0.69,0.33,1.02,1.25,2
50,263,560552,10,true,3,5,19,0,1,0,0,0,0,1,0,0,6,0.04,0,0.04,0.49,2
50,570,571779,10,true,3,5,19,0,1,0,0,0,0,1,0,0,5,0,0,0,0.49,4
50,268,577725,10,true,3,5,79,1,2,0,0,0,1,0,0,0,10,0.38,0.03,0.41,1.25,5
50,626,616069,10,true,3,5,0,0,0,0,0,0,0,0,0,0,0,0,0,0,0,0
50,272,631786,10,true,4,5,0,0,0,0,0,0,0,0,0,0,0,0,0,0,0,0
50,414,21205,16,false,1,5,0,0,0,0,0,0,0,0,0,0,0,0,0,0,0,0
50,325,59735,16,false,1,5,0,0,0,0,0,0,0,0,0,0,0,0,0,0,0,0
50,418,95658,16,false,2,5,90,1,2,0,0,0,0,1,0,0,17,0.01,0.03,0.04,1.62,5
50,423,106760,16,false,2,5,83,1,2,0,0,0,0,1,0,0,7,0.01,0.07,0.08,1.62,3
50,426,141746,16,false,3,5,90,1,2,0,0,0,0,1,0,0,15,0.28,0.19,0.47,1.62,6
50,43,166989,16,false,3,5,90,1,4,0,0,0,0,1,0,0,22,0.09,0.2,0.29,1.62,13
50,429,176297,16,false,3,5,76,1,2,0,0,0,0,1,0,0,15,0.4,0.14,0.54,1.62,2
50,430,184341,16,false,3,5,10,0,1,0,0,0,0,0,0,0,3,0.09,0.01,0.1,0,1
50,416,209365,16,false,2,5,0,0,0,0,0,0,0,0,0,0,0,0,0,0,0,0
50,417,216051,16,false,2,5,90,1,2,0,0,0,0,1,0,0,11,0.06,0.05,0.11,1.62,2
50,419,221820,16,false,2,5,90,1,0,0,0,1,0,1,0,0,6,0.15,0.02,0.17,1.62,4
50,422,230001,16,false,2,5,0,0,0,0,0,0,0,0,0,0,0,0,0,0,0,0
50,433,232112,16,false,3,5,0,0,0,0,0,0,0,0,0,0,0,0,0,0,0,0
50,428,430871,16,false,3,5,90,1,10,1,0,0,0,1,0,3,32,0.05,0.39,0.44,1.62,3
50,427,446008,16,false,3,5,90,1,2,0,0,0,0,1,0,0,23,0.27,0.25,0.52,1.62,4
50,413,451302,16,false,1,5,0,0,0,0,0,0,0,0,0,0,0,0,0,0,0,0
50,440,458249,16,false,4,5,13,0,1,0,0,0,0,0,0,0,4,0,0,0,0,1
50,412,465247,16,false,1,5,90,1,4,0,0,0,0,1,6,0,22,0,0,0,1.62,0
50,439,485711,16,false,4,5,0,0,0,0,0,0,0,0,0,0,0,0,0,0,0,0
50,436,490881,16,false,3,5,0,0,0,0,0,0,0,0,0,0,0,0,0,0,0,0
50,431,493250,16,false,3,5,0,0,0,0,0,0,0,0,0,0,0,0,0,0,0,0
50,432,516895,16,false,3,5,79,1,4,0,0,0,0,1,0,0,18,0.06,0.1,0.16,1.62,12
50,438,519913,16,false,3,5,0,0,0,0,0,0,0,0,0,0,0,0,0,0,0,0
50,162,532605,16,false,3,5,0,0,0,0,0,0,0,0,0,0,0,0,0,0,0,0
50,131,535301,16,false,3,5,0,0,0,0,0,0,0,0,0,0,0,0,0,0,0,0
50,434,547037,16,false,3,5,0,0,0,0,0,0,0,0,0,0,0,0,0,0,0,0
50,425,547676,16,false,2,5,0,0,0,0,0,0,0,0,0,0,0,0,0,0,0,0
50,420,550864,16,false,2,5,0,0,0,0,0,0,0,0,0,0,0,0,0,0,0,0
50,437,576620,16,false,3,5,0,0,0,0,0,0,0,0,0,0,0,0,0,0,0,0
50,435,576628,16,false,3,5,0,0,0,0,0,0,0,0,0,0,0,0,0,0,0,0
50,424,577974,16,false,2,5,0,0,0,0,0,0,0,0,0,0,0,0,0,0,0,0
50,441,596047,16,false,4,5,0,0,0,0,0,0,0,0,0,0,0,0,0,0,0,0
50,415,596777,16,false,3,5,6,0,4,0,1,0,0,0,0,0,12,0.13,0.01,0.14,0,2
50,421,606745,16,false,2,5,0,0,0,0,0,0,0,0,0,0,0,0,0,0,0,0
